category_code,keyword_group_code,keyword_group_name_ko,keyword_ko,normalized_keyword_ko,keyword_type,match_scope,search_weight,is_active
KOREAN,RICE_ONE_BOWL,밥·한 그릇 음식,비빔밥,비빔밥,SPECIFIC_MENU,MENU_NAME_AND_KEYWORD,95,true
KOREAN,RICE_ONE_BOWL,밥·한 그릇 음식,돌솥비빔밥,돌솥비빔밥,SPECIFIC_MENU,MENU_NAME_AND_KEYWORD,95,true
KOREAN,RICE_ONE_BOWL,밥·한 그릇 음식,전주비빔밥,전주비빔밥,SPECIFIC_MENU,MENU_NAME_AND_KEYWORD,95,true
KOREAN,RICE_ONE_BOWL,밥·한 그릇 음식,육회비빔밥,육회비빔밥,SPECIFIC_MENU,MENU_NAME_AND_KEYWORD,95,true
KOREAN,RICE_ONE_BOWL,밥·한 그릇 음식,나물비빔밥,나물비빔밥,SPECIFIC_MENU,MENU_NAME_AND_KEYWORD,95,true
KOREAN,RICE_ONE_BOWL,밥·한 그릇 음식,제육덮밥,제육덮밥,SPECIFIC_MENU,MENU_NAME_AND_KEYWORD,95,true
KOREAN,RICE_ONE_BOWL,밥·한 그릇 음식,불고기덮밥,불고기덮밥,SPECIFIC_MENU,MENU_NAME_AND_KEYWORD,95,true
KOREAN,RICE_ONE_BOWL,밥·한 그릇 음식,오징어덮밥,오징어덮밥,SPECIFIC_MENU,MENU_NAME_AND_KEYWORD,95,true
KOREAN,RICE_ONE_BOWL,밥·한 그릇 음식,김치볶음밥,김치볶음밥,SPECIFIC_MENU,MENU_NAME_AND_KEYWORD,95,true
KOREAN,RICE_ONE_BOWL,밥·한 그릇 음식,새우볶음밥,새우볶음밥,SPECIFIC_MENU,MENU_NAME_AND_KEYWORD,95,true
KOREAN,RICE_ONE_BOWL,밥·한 그릇 음식,곤드레밥,곤드레밥,SPECIFIC_MENU,MENU_NAME_AND_KEYWORD,95,true
KOREAN,RICE_ONE_BOWL,밥·한 그릇 음식,영양밥,영양밥,SPECIFIC_MENU,MENU_NAME_AND_KEYWORD,95,true
KOREAN,RICE_ONE_BOWL,밥·한 그릇 음식,솥밥,솥밥,SPECIFIC_MENU,MENU_NAME_AND_KEYWORD,95,true
KOREAN,RICE_ONE_BOWL,밥·한 그릇 음식,돌솥밥,돌솥밥,SPECIFIC_MENU,MENU_NAME_AND_KEYWORD,95,true
KOREAN,RICE_ONE_BOWL,밥·한 그릇 음식,굴밥,굴밥,SPECIFIC_MENU,MENU_NAME_AND_KEYWORD,95,true
KOREAN,RICE_ONE_BOWL,밥·한 그릇 음식,콩나물밥,콩나물밥,SPECIFIC_MENU,MENU_NAME_AND_KEYWORD,95,true
KOREAN,RICE_ONE_BOWL,밥·한 그릇 음식,보리밥,보리밥,SPECIFIC_MENU,MENU_NAME_AND_KEYWORD,95,true
KOREAN,RICE_ONE_BOWL,밥·한 그릇 음식,쌈밥,쌈밥,SPECIFIC_MENU,MENU_NAME_AND_KEYWORD,95,true
KOREAN,RICE_ONE_BOWL,밥·한 그릇 음식,백반,백반,SPECIFIC_MENU,MENU_NAME_AND_KEYWORD,95,true
KOREAN,RICE_ONE_BOWL,밥·한 그릇 음식,가정식,가정식,SPECIFIC_MENU,MENU_NAME_AND_KEYWORD,95,true
KOREAN,RICE_ONE_BOWL,밥·한 그릇 음식,한정식,한정식,SPECIFIC_MENU,MENU_NAME_AND_KEYWORD,95,true
KOREAN,RICE_ONE_BOWL,밥·한 그릇 음식,정식,정식,SPECIFIC_MENU,MENU_NAME_AND_KEYWORD,95,true
KOREAN,RICE_ONE_BOWL,밥·한 그릇 음식,도시락,도시락,SPECIFIC_MENU,MENU_NAME_AND_KEYWORD,95,true
KOREAN,RICE_ONE_BOWL,밥·한 그릇 음식,죽,죽,SPECIFIC_MENU,MENU_NAME_AND_KEYWORD,95,true
KOREAN,RICE_ONE_BOWL,밥·한 그릇 음식,전복죽,전복죽,SPECIFIC_MENU,MENU_NAME_AND_KEYWORD,95,true
KOREAN,RICE_ONE_BOWL,밥·한 그릇 음식,호박죽,호박죽,SPECIFIC_MENU,MENU_NAME_AND_KEYWORD,95,true
KOREAN,RICE_ONE_BOWL,밥·한 그릇 음식,팥죽,팥죽,SPECIFIC_MENU,MENU_NAME_AND_KEYWORD,95,true
KOREAN,RICE_ONE_BOWL,밥·한 그릇 음식,닭죽,닭죽,SPECIFIC_MENU,MENU_NAME_AND_KEYWORD,95,true
KOREAN,SOUP_TANG_STEW,국·탕·찌개,김치찌개,김치찌개,SPECIFIC_MENU,MENU_NAME_AND_KEYWORD,95,true
KOREAN,SOUP_TANG_STEW,국·탕·찌개,된장찌개,된장찌개,SPECIFIC_MENU,MENU_NAME_AND_KEYWORD,95,true
KOREAN,SOUP_TANG_STEW,국·탕·찌개,순두부찌개,순두부찌개,SPECIFIC_MENU,MENU_NAME_AND_KEYWORD,95,true
KOREAN,SOUP_TANG_STEW,국·탕·찌개,부대찌개,부대찌개,SPECIFIC_MENU,MENU_NAME_AND_KEYWORD,95,true
KOREAN,SOUP_TANG_STEW,국·탕·찌개,청국장,청국장,SPECIFIC_MENU,MENU_NAME_AND_KEYWORD,95,true
KOREAN,SOUP_TANG_STEW,국·탕·찌개,동태찌개,동태찌개,SPECIFIC_MENU,MENU_NAME_AND_KEYWORD,95,true
KOREAN,SOUP_TANG_STEW,국·탕·찌개,참치찌개,참치찌개,SPECIFIC_MENU,MENU_NAME_AND_KEYWORD,95,true
KOREAN,SOUP_TANG_STEW,국·탕·찌개,고추장찌개,고추장찌개,SPECIFIC_MENU,MENU_NAME_AND_KEYWORD,95,true
KOREAN,SOUP_TANG_STEW,국·탕·찌개,비지찌개,비지찌개,SPECIFIC_MENU,MENU_NAME_AND_KEYWORD,95,true
KOREAN,SOUP_TANG_STEW,국·탕·찌개,국밥,국밥,SPECIFIC_MENU,MENU_NAME_AND_KEYWORD,95,true
KOREAN,SOUP_TANG_STEW,국·탕·찌개,돼지국밥,돼지국밥,SPECIFIC_MENU,MENU_NAME_AND_KEYWORD,95,true
KOREAN,SOUP_TANG_STEW,국·탕·찌개,소머리국밥,소머리국밥,SPECIFIC_MENU,MENU_NAME_AND_KEYWORD,95,true
KOREAN,SOUP_TANG_STEW,국·탕·찌개,순대국밥,순대국밥,SPECIFIC_MENU,MENU_NAME_AND_KEYWORD,95,true
KOREAN,SOUP_TANG_STEW,국·탕·찌개,콩나물국밥,콩나물국밥,SPECIFIC_MENU,MENU_NAME_AND_KEYWORD,95,true
KOREAN,SOUP_TANG_STEW,국·탕·찌개,굴국밥,굴국밥,SPECIFIC_MENU,MENU_NAME_AND_KEYWORD,95,true
KOREAN,SOUP_TANG_STEW,국·탕·찌개,해장국,해장국,SPECIFIC_MENU,MENU_NAME_AND_KEYWORD,95,true
KOREAN,SOUP_TANG_STEW,국·탕·찌개,뼈해장국,뼈해장국,SPECIFIC_MENU,MENU_NAME_AND_KEYWORD,95,true
KOREAN,SOUP_TANG_STEW,국·탕·찌개,선지해장국,선지해장국,SPECIFIC_MENU,MENU_NAME_AND_KEYWORD,95,true
KOREAN,SOUP_TANG_STEW,국·탕·찌개,북엇국,북엇국,SPECIFIC_MENU,MENU_NAME_AND_KEYWORD,95,true
KOREAN,SOUP_TANG_STEW,국·탕·찌개,미역국,미역국,SPECIFIC_MENU,MENU_NAME_AND_KEYWORD,95,true
KOREAN,SOUP_TANG_STEW,국·탕·찌개,육개장,육개장,SPECIFIC_MENU,MENU_NAME_AND_KEYWORD,95,true
KOREAN,SOUP_TANG_STEW,국·탕·찌개,갈비탕,갈비탕,SPECIFIC_MENU,MENU_NAME_AND_KEYWORD,95,true
KOREAN,SOUP_TANG_STEW,국·탕·찌개,설렁탕,설렁탕,SPECIFIC_MENU,MENU_NAME_AND_KEYWORD,95,true
KOREAN,SOUP_TANG_STEW,국·탕·찌개,곰탕,곰탕,SPECIFIC_MENU,MENU_NAME_AND_KEYWORD,95,true
KOREAN,SOUP_TANG_STEW,국·탕·찌개,도가니탕,도가니탕,SPECIFIC_MENU,MENU_NAME_AND_KEYWORD,95,true
KOREAN,SOUP_TANG_STEW,국·탕·찌개,삼계탕,삼계탕,SPECIFIC_MENU,MENU_NAME_AND_KEYWORD,95,true
KOREAN,SOUP_TANG_STEW,국·탕·찌개,닭곰탕,닭곰탕,SPECIFIC_MENU,MENU_NAME_AND_KEYWORD,95,true
KOREAN,SOUP_TANG_STEW,국·탕·찌개,추어탕,추어탕,SPECIFIC_MENU,MENU_NAME_AND_KEYWORD,95,true
KOREAN,SOUP_TANG_STEW,국·탕·찌개,매운탕,매운탕,SPECIFIC_MENU,MENU_NAME_AND_KEYWORD,95,true
KOREAN,SOUP_TANG_STEW,국·탕·찌개,해물탕,해물탕,SPECIFIC_MENU,MENU_NAME_AND_KEYWORD,95,true
KOREAN,SOUP_TANG_STEW,국·탕·찌개,꽃게탕,꽃게탕,SPECIFIC_MENU,MENU_NAME_AND_KEYWORD,95,true
KOREAN,SOUP_TANG_STEW,국·탕·찌개,알탕,알탕,SPECIFIC_MENU,MENU_NAME_AND_KEYWORD,95,true
KOREAN,SOUP_TANG_STEW,국·탕·찌개,감자탕,감자탕,SPECIFIC_MENU,MENU_NAME_AND_KEYWORD,95,true
KOREAN,SOUP_TANG_STEW,국·탕·찌개,전골,전골,SPECIFIC_MENU,MENU_NAME_AND_KEYWORD,95,true
KOREAN,SOUP_TANG_STEW,국·탕·찌개,곱창전골,곱창전골,SPECIFIC_MENU,MENU_NAME_AND_KEYWORD,95,true
KOREAN,SOUP_TANG_STEW,국·탕·찌개,버섯전골,버섯전골,SPECIFIC_MENU,MENU_NAME_AND_KEYWORD,95,true
KOREAN,SOUP_TANG_STEW,국·탕·찌개,부대전골,부대전골,SPECIFIC_MENU,MENU_NAME_AND_KEYWORD,95,true
KOREAN,SOUP_TANG_STEW,국·탕·찌개,낙지전골,낙지전골,SPECIFIC_MENU,MENU_NAME_AND_KEYWORD,95,true
KOREAN,MEAT_DISH,고기 요리,삼겹살,삼겹살,SPECIFIC_MENU,MENU_NAME_AND_KEYWORD,95,true
KOREAN,MEAT_DISH,고기 요리,목살,목살,SPECIFIC_MENU,MENU_NAME_AND_KEYWORD,95,true
KOREAN,MEAT_DISH,고기 요리,갈비,갈비,SPECIFIC_MENU,MENU_NAME_AND_KEYWORD,95,true
KOREAN,MEAT_DISH,고기 요리,돼지갈비,돼지갈비,SPECIFIC_MENU,MENU_NAME_AND_KEYWORD,95,true
KOREAN,MEAT_DISH,고기 요리,소갈비,소갈비,SPECIFIC_MENU,MENU_NAME_AND_KEYWORD,95,true
KOREAN,MEAT_DISH,고기 요리,양념갈비,양념갈비,SPECIFIC_MENU,MENU_NAME_AND_KEYWORD,95,true
KOREAN,MEAT_DISH,고기 요리,LA갈비,LA갈비,SPECIFIC_MENU,MENU_NAME_AND_KEYWORD,95,true
KOREAN,MEAT_DISH,고기 요리,불고기,불고기,SPECIFIC_MENU,MENU_NAME_AND_KEYWORD,95,true
KOREAN,MEAT_DISH,고기 요리,소불고기,소불고기,SPECIFIC_MENU,MENU_NAME_AND_KEYWORD,95,true
KOREAN,MEAT_DISH,고기 요리,돼지불고기,돼지불고기,SPECIFIC_MENU,MENU_NAME_AND_KEYWORD,95,true
KOREAN,MEAT_DISH,고기 요리,제육볶음,제육볶음,SPECIFIC_MENU,MENU_NAME_AND_KEYWORD,95,true
KOREAN,MEAT_DISH,고기 요리,닭갈비,닭갈비,SPECIFIC_MENU,MENU_NAME_AND_KEYWORD,95,true
KOREAN,MEAT_DISH,고기 요리,오리구이,오리구이,SPECIFIC_MENU,MENU_NAME_AND_KEYWORD,95,true
KOREAN,MEAT_DISH,고기 요리,오리백숙,오리백숙,SPECIFIC_MENU,MENU_NAME_AND_KEYWORD,95,true
KOREAN,MEAT_DISH,고기 요리,훈제오리,훈제오리,SPECIFIC_MENU,MENU_NAME_AND_KEYWORD,95,true
KOREAN,MEAT_DISH,고기 요리,보쌈,보쌈,SPECIFIC_MENU,MENU_NAME_AND_KEYWORD,95,true
KOREAN,MEAT_DISH,고기 요리,족발,족발,SPECIFIC_MENU,MENU_NAME_AND_KEYWORD,95,true
KOREAN,MEAT_DISH,고기 요리,수육,수육,SPECIFIC_MENU,MENU_NAME_AND_KEYWORD,95,true
KOREAN,MEAT_DISH,고기 요리,편육,편육,SPECIFIC_MENU,MENU_NAME_AND_KEYWORD,95,true
KOREAN,MEAT_DISH,고기 요리,곱창,곱창,SPECIFIC_MENU,MENU_NAME_AND_KEYWORD,95,true
KOREAN,MEAT_DISH,고기 요리,대창,대창,SPECIFIC_MENU,MENU_NAME_AND_KEYWORD,95,true
KOREAN,MEAT_DISH,고기 요리,막창,막창,SPECIFIC_MENU,MENU_NAME_AND_KEYWORD,95,true
KOREAN,MEAT_DISH,고기 요리,갈매기살,갈매기살,SPECIFIC_MENU,MENU_NAME_AND_KEYWORD,95,true
KOREAN,MEAT_DISH,고기 요리,항정살,항정살,SPECIFIC_MENU,MENU_NAME_AND_KEYWORD,95,true
KOREAN,MEAT_DISH,고기 요리,육회,육회,SPECIFIC_MENU,MENU_NAME_AND_KEYWORD,95,true
KOREAN,MEAT_DISH,고기 요리,떡갈비,떡갈비,SPECIFIC_MENU,MENU_NAME_AND_KEYWORD,95,true
KOREAN,MEAT_DISH,고기 요리,너비아니,너비아니,SPECIFIC_MENU,MENU_NAME_AND_KEYWORD,95,true
KOREAN,MEAT_DISH,고기 요리,갈비찜,갈비찜,SPECIFIC_MENU,MENU_NAME_AND_KEYWORD,95,true
KOREAN,MEAT_DISH,고기 요리,돼지갈비찜,돼지갈비찜,SPECIFIC_MENU,MENU_NAME_AND_KEYWORD,95,true
KOREAN,MEAT_DISH,고기 요리,닭볶음탕,닭볶음탕,SPECIFIC_MENU,MENU_NAME_AND_KEYWORD,95,true
KOREAN,MEAT_DISH,고기 요리,찜닭,찜닭,SPECIFIC_MENU,MENU_NAME_AND_KEYWORD,95,true
KOREAN,MEAT_DISH,고기 요리,백숙,백숙,SPECIFIC_MENU,MENU_NAME_AND_KEYWORD,95,true
KOREAN,NOODLE_DISH,면·국수 요리,냉면,냉면,SPECIFIC_MENU,MENU_NAME_AND_KEYWORD,95,true
KOREAN,NOODLE_DISH,면·국수 요리,물냉면,물냉면,SPECIFIC_MENU,MENU_NAME_AND_KEYWORD,95,true
KOREAN,NOODLE_DISH,면·국수 요리,비빔냉면,비빔냉면,SPECIFIC_MENU,MENU_NAME_AND_KEYWORD,95,true
KOREAN,NOODLE_DISH,면·국수 요리,평양냉면,평양냉면,SPECIFIC_MENU,MENU_NAME_AND_KEYWORD,95,true
KOREAN,NOODLE_DISH,면·국수 요리,함흥냉면,함흥냉면,SPECIFIC_MENU,MENU_NAME_AND_KEYWORD,95,true
KOREAN,NOODLE_DISH,면·국수 요리,막국수,막국수,SPECIFIC_MENU,MENU_NAME_AND_KEYWORD,95,true
KOREAN,NOODLE_DISH,면·국수 요리,비빔막국수,비빔막국수,SPECIFIC_MENU,MENU_NAME_AND_KEYWORD,95,true
KOREAN,NOODLE_DISH,면·국수 요리,메밀국수,메밀국수,SPECIFIC_MENU,MENU_NAME_AND_KEYWORD,95,true
KOREAN,NOODLE_DISH,면·국수 요리,잔치국수,잔치국수,SPECIFIC_MENU,MENU_NAME_AND_KEYWORD,95,true
KOREAN,NOODLE_DISH,면·국수 요리,비빔국수,비빔국수,SPECIFIC_MENU,MENU_NAME_AND_KEYWORD,95,true
KOREAN,NOODLE_DISH,면·국수 요리,열무국수,열무국수,SPECIFIC_MENU,MENU_NAME_AND_KEYWORD,95,true
KOREAN,NOODLE_DISH,면·국수 요리,콩국수,콩국수,SPECIFIC_MENU,MENU_NAME_AND_KEYWORD,95,true
KOREAN,NOODLE_DISH,면·국수 요리,칼국수,칼국수,SPECIFIC_MENU,MENU_NAME_AND_KEYWORD,95,true
KOREAN,NOODLE_DISH,면·국수 요리,바지락칼국수,바지락칼국수,SPECIFIC_MENU,MENU_NAME_AND_KEYWORD,95,true
KOREAN,NOODLE_DISH,면·국수 요리,해물칼국수,해물칼국수,SPECIFIC_MENU,MENU_NAME_AND_KEYWORD,95,true
KOREAN,NOODLE_DISH,면·국수 요리,닭칼국수,닭칼국수,SPECIFIC_MENU,MENU_NAME_AND_KEYWORD,95,true
KOREAN,NOODLE_DISH,면·국수 요리,들깨칼국수,들깨칼국수,SPECIFIC_MENU,MENU_NAME_AND_KEYWORD,95,true
KOREAN,NOODLE_DISH,면·국수 요리,수제비,수제비,SPECIFIC_MENU,MENU_NAME_AND_KEYWORD,95,true
KOREAN,NOODLE_DISH,면·국수 요리,칼제비,칼제비,SPECIFIC_MENU,MENU_NAME_AND_KEYWORD,95,true
KOREAN,NOODLE_DISH,면·국수 요리,밀면,밀면,SPECIFIC_MENU,MENU_NAME_AND_KEYWORD,95,true
KOREAN,NOODLE_DISH,면·국수 요리,물밀면,물밀면,SPECIFIC_MENU,MENU_NAME_AND_KEYWORD,95,true
KOREAN,NOODLE_DISH,면·국수 요리,비빔밀면,비빔밀면,SPECIFIC_MENU,MENU_NAME_AND_KEYWORD,95,true
KOREAN,NOODLE_DISH,면·국수 요리,쫄면,쫄면,SPECIFIC_MENU,MENU_NAME_AND_KEYWORD,95,true
KOREAN,NOODLE_DISH,면·국수 요리,올갱이국수,올갱이국수,SPECIFIC_MENU,MENU_NAME_AND_KEYWORD,95,true
KOREAN,NOODLE_DISH,면·국수 요리,고기국수,고기국수,SPECIFIC_MENU,MENU_NAME_AND_KEYWORD,95,true
KOREAN,SEAFOOD_FISH,해산물·생선,생선구이,생선구이,SPECIFIC_MENU,MENU_NAME_AND_KEYWORD,95,true
KOREAN,SEAFOOD_FISH,해산물·생선,고등어구이,고등어구이,SPECIFIC_MENU,MENU_NAME_AND_KEYWORD,95,true
KOREAN,SEAFOOD_FISH,해산물·생선,갈치구이,갈치구이,SPECIFIC_MENU,MENU_NAME_AND_KEYWORD,95,true
KOREAN,SEAFOOD_FISH,해산물·생선,조기구이,조기구이,SPECIFIC_MENU,MENU_NAME_AND_KEYWORD,95,true
KOREAN,SEAFOOD_FISH,해산물·생선,장어구이,장어구이,SPECIFIC_MENU,MENU_NAME_AND_KEYWORD,95,true
KOREAN,SEAFOOD_FISH,해산물·생선,갈치조림,갈치조림,SPECIFIC_MENU,MENU_NAME_AND_KEYWORD,95,true
KOREAN,SEAFOOD_FISH,해산물·생선,고등어조림,고등어조림,SPECIFIC_MENU,MENU_NAME_AND_KEYWORD,95,true
KOREAN,SEAFOOD_FISH,해산물·생선,코다리조림,코다리조림,SPECIFIC_MENU,MENU_NAME_AND_KEYWORD,95,true
KOREAN,SEAFOOD_FISH,해산물·생선,아귀찜,아귀찜,SPECIFIC_MENU,MENU_NAME_AND_KEYWORD,95,true
KOREAN,SEAFOOD_FISH,해산물·생선,해물찜,해물찜,SPECIFIC_MENU,MENU_NAME_AND_KEYWORD,95,true
KOREAN,SEAFOOD_FISH,해산물·생선,꽃게찜,꽃게찜,SPECIFIC_MENU,MENU_NAME_AND_KEYWORD,95,true
KOREAN,SEAFOOD_FISH,해산물·생선,간장게장,간장게장,SPECIFIC_MENU,MENU_NAME_AND_KEYWORD,95,true
KOREAN,SEAFOOD_FISH,해산물·생선,양념게장,양념게장,SPECIFIC_MENU,MENU_NAME_AND_KEYWORD,95,true
KOREAN,SEAFOOD_FISH,해산물·생선,새우장,새우장,SPECIFIC_MENU,MENU_NAME_AND_KEYWORD,95,true
KOREAN,SEAFOOD_FISH,해산물·생선,전복장,전복장,SPECIFIC_MENU,MENU_NAME_AND_KEYWORD,95,true
KOREAN,SEAFOOD_FISH,해산물·생선,회,회,SPECIFIC_MENU,MENU_NAME_AND_KEYWORD,95,true
KOREAN,SEAFOOD_FISH,해산물·생선,물회,물회,SPECIFIC_MENU,MENU_NAME_AND_KEYWORD,95,true
KOREAN,SEAFOOD_FISH,해산물·생선,회덮밥,회덮밥,SPECIFIC_MENU,MENU_NAME_AND_KEYWORD,95,true
KOREAN,SEAFOOD_FISH,해산물·생선,해물파전,해물파전,SPECIFIC_MENU,MENU_NAME_AND_KEYWORD,95,true
KOREAN,SEAFOOD_FISH,해산물·생선,굴전,굴전,SPECIFIC_MENU,MENU_NAME_AND_KEYWORD,95,true
KOREAN,SEAFOOD_FISH,해산물·생선,꼬막,꼬막,SPECIFIC_MENU,MENU_NAME_AND_KEYWORD,95,true
KOREAN,SEAFOOD_FISH,해산물·생선,꼬막비빔밥,꼬막비빔밥,SPECIFIC_MENU,MENU_NAME_AND_KEYWORD,95,true
KOREAN,SEAFOOD_FISH,해산물·생선,낙지볶음,낙지볶음,SPECIFIC_MENU,MENU_NAME_AND_KEYWORD,95,true
KOREAN,SEAFOOD_FISH,해산물·생선,주꾸미볶음,주꾸미볶음,SPECIFIC_MENU,MENU_NAME_AND_KEYWORD,95,true
KOREAN,SEAFOOD_FISH,해산물·생선,오징어볶음,오징어볶음,SPECIFIC_MENU,MENU_NAME_AND_KEYWORD,95,true
KOREAN,PANCAKE_FRITTER,전·부침,김치전,김치전,SPECIFIC_MENU,MENU_NAME_AND_KEYWORD,95,true
KOREAN,PANCAKE_FRITTER,전·부침,파전,파전,SPECIFIC_MENU,MENU_NAME_AND_KEYWORD,95,true
KOREAN,PANCAKE_FRITTER,전·부침,해물파전,해물파전,SPECIFIC_MENU,MENU_NAME_AND_KEYWORD,95,true
KOREAN,PANCAKE_FRITTER,전·부침,감자전,감자전,SPECIFIC_MENU,MENU_NAME_AND_KEYWORD,95,true
KOREAN,PANCAKE_FRITTER,전·부침,부추전,부추전,SPECIFIC_MENU,MENU_NAME_AND_KEYWORD,95,true
KOREAN,PANCAKE_FRITTER,전·부침,녹두전,녹두전,SPECIFIC_MENU,MENU_NAME_AND_KEYWORD,95,true
KOREAN,PANCAKE_FRITTER,전·부침,육전,육전,SPECIFIC_MENU,MENU_NAME_AND_KEYWORD,95,true
KOREAN,PANCAKE_FRITTER,전·부침,동그랑땡,동그랑땡,SPECIFIC_MENU,MENU_NAME_AND_KEYWORD,95,true
KOREAN,PANCAKE_FRITTER,전·부침,빈대떡,빈대떡,SPECIFIC_MENU,MENU_NAME_AND_KEYWORD,95,true
KOREAN,PANCAKE_FRITTER,전·부침,모둠전,모둠전,SPECIFIC_MENU,MENU_NAME_AND_KEYWORD,95,true
KOREAN,PANCAKE_FRITTER,전·부침,전병,전병,SPECIFIC_MENU,MENU_NAME_AND_KEYWORD,95,true
KOREAN,PANCAKE_FRITTER,전·부침,메밀전병,메밀전병,SPECIFIC_MENU,MENU_NAME_AND_KEYWORD,95,true
KOREAN,CATEGORY_AUXILIARY,카테고리 보조,집밥,집밥,CATEGORY_AUX,RESTAURANT_TAG_AND_KEYWORD,55,true
KOREAN,CATEGORY_AUXILIARY,카테고리 보조,엄마밥,엄마밥,CATEGORY_AUX,RESTAURANT_TAG_AND_KEYWORD,55,true
KOREAN,CATEGORY_AUXILIARY,카테고리 보조,가정식,가정식,CATEGORY_AUX,RESTAURANT_TAG_AND_KEYWORD,55,true
KOREAN,CATEGORY_AUXILIARY,카테고리 보조,건강식,건강식,CATEGORY_AUX,RESTAURANT_TAG_AND_KEYWORD,55,true
KOREAN,CATEGORY_AUXILIARY,카테고리 보조,전통음식,전통음식,CATEGORY_AUX,RESTAURANT_TAG_AND_KEYWORD,55,true
KOREAN,CATEGORY_AUXILIARY,카테고리 보조,향토음식,향토음식,CATEGORY_AUX,RESTAURANT_TAG_AND_KEYWORD,55,true
KOREAN,CATEGORY_AUXILIARY,카테고리 보조,토속음식,토속음식,CATEGORY_AUX,RESTAURANT_TAG_AND_KEYWORD,55,true
KOREAN,CATEGORY_AUXILIARY,카테고리 보조,백반집,백반집,CATEGORY_AUX,RESTAURANT_TAG_AND_KEYWORD,55,true
KOREAN,CATEGORY_AUXILIARY,카테고리 보조,반찬 많은,반찬 많은,CATEGORY_AUX,RESTAURANT_TAG_AND_KEYWORD,55,true
KOREAN,CATEGORY_AUXILIARY,카테고리 보조,정갈한,정갈한,CATEGORY_AUX,RESTAURANT_TAG_AND_KEYWORD,55,true
KOREAN,CATEGORY_AUXILIARY,카테고리 보조,구수한,구수한,CATEGORY_AUX,RESTAURANT_TAG_AND_KEYWORD,55,true
KOREAN,CATEGORY_AUXILIARY,카테고리 보조,얼큰한,얼큰한,CATEGORY_AUX,RESTAURANT_TAG_AND_KEYWORD,55,true
KOREAN,CATEGORY_AUXILIARY,카테고리 보조,담백한,담백한,CATEGORY_AUX,RESTAURANT_TAG_AND_KEYWORD,55,true
KOREAN,CATEGORY_AUXILIARY,카테고리 보조,푸짐한,푸짐한,CATEGORY_AUX,RESTAURANT_TAG_AND_KEYWORD,55,true
WESTERN,PASTA_NOODLE,파스타·면,파스타,파스타,SPECIFIC_MENU,MENU_NAME_AND_KEYWORD,95,true
WESTERN,PASTA_NOODLE,파스타·면,스파게티,스파게티,SPECIFIC_MENU,MENU_NAME_AND_KEYWORD,95,true
WESTERN,PASTA_NOODLE,파스타·면,토마토파스타,토마토파스타,SPECIFIC_MENU,MENU_NAME_AND_KEYWORD,95,true
WESTERN,PASTA_NOODLE,파스타·면,크림파스타,크림파스타,SPECIFIC_MENU,MENU_NAME_AND_KEYWORD,95,true
WESTERN,PASTA_NOODLE,파스타·면,로제파스타,로제파스타,SPECIFIC_MENU,MENU_NAME_AND_KEYWORD,95,true
WESTERN,PASTA_NOODLE,파스타·면,오일파스타,오일파스타,SPECIFIC_MENU,MENU_NAME_AND_KEYWORD,95,true
WESTERN,PASTA_NOODLE,파스타·면,봉골레,봉골레,SPECIFIC_MENU,MENU_NAME_AND_KEYWORD,95,true
WESTERN,PASTA_NOODLE,파스타·면,알리오올리오,알리오올리오,SPECIFIC_MENU,MENU_NAME_AND_KEYWORD,95,true
WESTERN,PASTA_NOODLE,파스타·면,까르보나라,까르보나라,SPECIFIC_MENU,MENU_NAME_AND_KEYWORD,95,true
WESTERN,PASTA_NOODLE,파스타·면,아라비아타,아라비아타,SPECIFIC_MENU,MENU_NAME_AND_KEYWORD,95,true
WESTERN,PASTA_NOODLE,파스타·면,라구파스타,라구파스타,SPECIFIC_MENU,MENU_NAME_AND_KEYWORD,95,true
WESTERN,PASTA_NOODLE,파스타·면,볼로네제,볼로네제,SPECIFIC_MENU,MENU_NAME_AND_KEYWORD,95,true
WESTERN,PASTA_NOODLE,파스타·면,해산물파스타,해산물파스타,SPECIFIC_MENU,MENU_NAME_AND_KEYWORD,95,true
WESTERN,PASTA_NOODLE,파스타·면,명란파스타,명란파스타,SPECIFIC_MENU,MENU_NAME_AND_KEYWORD,95,true
WESTERN,PASTA_NOODLE,파스타·면,바질파스타,바질파스타,SPECIFIC_MENU,MENU_NAME_AND_KEYWORD,95,true
WESTERN,PASTA_NOODLE,파스타·면,페스토파스타,페스토파스타,SPECIFIC_MENU,MENU_NAME_AND_KEYWORD,95,true
WESTERN,PASTA_NOODLE,파스타·면,투움바파스타,투움바파스타,SPECIFIC_MENU,MENU_NAME_AND_KEYWORD,95,true
WESTERN,PASTA_NOODLE,파스타·면,라자냐,라자냐,SPECIFIC_MENU,MENU_NAME_AND_KEYWORD,95,true
WESTERN,PASTA_NOODLE,파스타·면,뇨끼,뇨끼,SPECIFIC_MENU,MENU_NAME_AND_KEYWORD,95,true
WESTERN,PASTA_NOODLE,파스타·면,라비올리,라비올리,SPECIFIC_MENU,MENU_NAME_AND_KEYWORD,95,true
WESTERN,PASTA_NOODLE,파스타·면,마카로니,마카로니,SPECIFIC_MENU,MENU_NAME_AND_KEYWORD,95,true
WESTERN,STEAK_MEAT,스테이크·고기,스테이크,스테이크,SPECIFIC_MENU,MENU_NAME_AND_KEYWORD,95,true
WESTERN,STEAK_MEAT,스테이크·고기,소고기스테이크,소고기스테이크,SPECIFIC_MENU,MENU_NAME_AND_KEYWORD,95,true
WESTERN,STEAK_MEAT,스테이크·고기,안심스테이크,안심스테이크,SPECIFIC_MENU,MENU_NAME_AND_KEYWORD,95,true
WESTERN,STEAK_MEAT,스테이크·고기,등심스테이크,등심스테이크,SPECIFIC_MENU,MENU_NAME_AND_KEYWORD,95,true
WESTERN,STEAK_MEAT,스테이크·고기,채끝스테이크,채끝스테이크,SPECIFIC_MENU,MENU_NAME_AND_KEYWORD,95,true
WESTERN,STEAK_MEAT,스테이크·고기,티본스테이크,티본스테이크,SPECIFIC_MENU,MENU_NAME_AND_KEYWORD,95,true
WESTERN,STEAK_MEAT,스테이크·고기,토마호크,토마호크,SPECIFIC_MENU,MENU_NAME_AND_KEYWORD,95,true
WESTERN,STEAK_MEAT,스테이크·고기,립아이,립아이,SPECIFIC_MENU,MENU_NAME_AND_KEYWORD,95,true
WESTERN,STEAK_MEAT,스테이크·고기,찹스테이크,찹스테이크,SPECIFIC_MENU,MENU_NAME_AND_KEYWORD,95,true
WESTERN,STEAK_MEAT,스테이크·고기,함박스테이크,함박스테이크,SPECIFIC_MENU,MENU_NAME_AND_KEYWORD,95,true
WESTERN,STEAK_MEAT,스테이크·고기,폭립,폭립,SPECIFIC_MENU,MENU_NAME_AND_KEYWORD,95,true
WESTERN,STEAK_MEAT,스테이크·고기,바비큐립,바비큐립,SPECIFIC_MENU,MENU_NAME_AND_KEYWORD,95,true
WESTERN,STEAK_MEAT,스테이크·고기,양갈비스테이크,양갈비스테이크,SPECIFIC_MENU,MENU_NAME_AND_KEYWORD,95,true
WESTERN,STEAK_MEAT,스테이크·고기,치킨스테이크,치킨스테이크,SPECIFIC_MENU,MENU_NAME_AND_KEYWORD,95,true
WESTERN,STEAK_MEAT,스테이크·고기,그릴드치킨,그릴드치킨,SPECIFIC_MENU,MENU_NAME_AND_KEYWORD,95,true
WESTERN,STEAK_MEAT,스테이크·고기,미트볼,미트볼,SPECIFIC_MENU,MENU_NAME_AND_KEYWORD,95,true
WESTERN,STEAK_MEAT,스테이크·고기,소시지,소시지,SPECIFIC_MENU,MENU_NAME_AND_KEYWORD,95,true
WESTERN,PIZZA,피자,피자,피자,SPECIFIC_MENU,MENU_NAME_AND_KEYWORD,95,true
WESTERN,PIZZA,피자,화덕피자,화덕피자,SPECIFIC_MENU,MENU_NAME_AND_KEYWORD,95,true
WESTERN,PIZZA,피자,씬피자,씬피자,SPECIFIC_MENU,MENU_NAME_AND_KEYWORD,95,true
WESTERN,PIZZA,피자,팬피자,팬피자,SPECIFIC_MENU,MENU_NAME_AND_KEYWORD,95,true
WESTERN,PIZZA,피자,시카고피자,시카고피자,SPECIFIC_MENU,MENU_NAME_AND_KEYWORD,95,true
WESTERN,PIZZA,피자,고르곤졸라,고르곤졸라,SPECIFIC_MENU,MENU_NAME_AND_KEYWORD,95,true
WESTERN,PIZZA,피자,마르게리타,마르게리타,SPECIFIC_MENU,MENU_NAME_AND_KEYWORD,95,true
WESTERN,PIZZA,피자,페퍼로니피자,페퍼로니피자,SPECIFIC_MENU,MENU_NAME_AND_KEYWORD,95,true
WESTERN,PIZZA,피자,치즈피자,치즈피자,SPECIFIC_MENU,MENU_NAME_AND_KEYWORD,95,true
WESTERN,PIZZA,피자,포테이토피자,포테이토피자,SPECIFIC_MENU,MENU_NAME_AND_KEYWORD,95,true
WESTERN,PIZZA,피자,불고기피자,불고기피자,SPECIFIC_MENU,MENU_NAME_AND_KEYWORD,95,true
WESTERN,PIZZA,피자,하와이안피자,하와이안피자,SPECIFIC_MENU,MENU_NAME_AND_KEYWORD,95,true
WESTERN,PIZZA,피자,루꼴라피자,루꼴라피자,SPECIFIC_MENU,MENU_NAME_AND_KEYWORD,95,true
WESTERN,PIZZA,피자,콰트로포르마지,콰트로포르마지,SPECIFIC_MENU,MENU_NAME_AND_KEYWORD,95,true
WESTERN,RICE_RISOTTO,밥·리조또,리조또,리조또,SPECIFIC_MENU,MENU_NAME_AND_KEYWORD,95,true
WESTERN,RICE_RISOTTO,밥·리조또,크림리조또,크림리조또,SPECIFIC_MENU,MENU_NAME_AND_KEYWORD,95,true
WESTERN,RICE_RISOTTO,밥·리조또,토마토리조또,토마토리조또,SPECIFIC_MENU,MENU_NAME_AND_KEYWORD,95,true
WESTERN,RICE_RISOTTO,밥·리조또,로제리조또,로제리조또,SPECIFIC_MENU,MENU_NAME_AND_KEYWORD,95,true
WESTERN,RICE_RISOTTO,밥·리조또,버섯리조또,버섯리조또,SPECIFIC_MENU,MENU_NAME_AND_KEYWORD,95,true
WESTERN,RICE_RISOTTO,밥·리조또,해산물리조또,해산물리조또,SPECIFIC_MENU,MENU_NAME_AND_KEYWORD,95,true
WESTERN,RICE_RISOTTO,밥·리조또,오징어먹물리조또,오징어먹물리조또,SPECIFIC_MENU,MENU_NAME_AND_KEYWORD,95,true
WESTERN,RICE_RISOTTO,밥·리조또,필라프,필라프,SPECIFIC_MENU,MENU_NAME_AND_KEYWORD,95,true
WESTERN,RICE_RISOTTO,밥·리조또,볶음밥,볶음밥,SPECIFIC_MENU,MENU_NAME_AND_KEYWORD,95,true
WESTERN,RICE_RISOTTO,밥·리조또,빠에야,빠에야,SPECIFIC_MENU,MENU_NAME_AND_KEYWORD,95,true
WESTERN,RICE_RISOTTO,밥·리조또,오므라이스,오므라이스,SPECIFIC_MENU,MENU_NAME_AND_KEYWORD,95,true
WESTERN,BRUNCH_SALAD,브런치·샐러드,브런치,브런치,SPECIFIC_MENU,MENU_NAME_AND_KEYWORD,95,true
WESTERN,BRUNCH_SALAD,브런치·샐러드,브런치플레이트,브런치플레이트,SPECIFIC_MENU,MENU_NAME_AND_KEYWORD,95,true
WESTERN,BRUNCH_SALAD,브런치·샐러드,에그베네딕트,에그베네딕트,SPECIFIC_MENU,MENU_NAME_AND_KEYWORD,95,true
WESTERN,BRUNCH_SALAD,브런치·샐러드,프렌치토스트,프렌치토스트,SPECIFIC_MENU,MENU_NAME_AND_KEYWORD,95,true
WESTERN,BRUNCH_SALAD,브런치·샐러드,팬케이크,팬케이크,SPECIFIC_MENU,MENU_NAME_AND_KEYWORD,95,true
WESTERN,BRUNCH_SALAD,브런치·샐러드,와플,와플,SPECIFIC_MENU,MENU_NAME_AND_KEYWORD,95,true
WESTERN,BRUNCH_SALAD,브런치·샐러드,샌드위치,샌드위치,SPECIFIC_MENU,MENU_NAME_AND_KEYWORD,95,true
WESTERN,BRUNCH_SALAD,브런치·샐러드,파니니,파니니,SPECIFIC_MENU,MENU_NAME_AND_KEYWORD,95,true
WESTERN,BRUNCH_SALAD,브런치·샐러드,크로크무슈,크로크무슈,SPECIFIC_MENU,MENU_NAME_AND_KEYWORD,95,true
WESTERN,BRUNCH_SALAD,브런치·샐러드,토스트,토스트,SPECIFIC_MENU,MENU_NAME_AND_KEYWORD,95,true
WESTERN,BRUNCH_SALAD,브런치·샐러드,샐러드,샐러드,SPECIFIC_MENU,MENU_NAME_AND_KEYWORD,95,true
WESTERN,BRUNCH_SALAD,브런치·샐러드,시저샐러드,시저샐러드,SPECIFIC_MENU,MENU_NAME_AND_KEYWORD,95,true
WESTERN,BRUNCH_SALAD,브런치·샐러드,리코타샐러드,리코타샐러드,SPECIFIC_MENU,MENU_NAME_AND_KEYWORD,95,true
WESTERN,BRUNCH_SALAD,브런치·샐러드,닭가슴살샐러드,닭가슴살샐러드,SPECIFIC_MENU,MENU_NAME_AND_KEYWORD,95,true
WESTERN,BRUNCH_SALAD,브런치·샐러드,연어샐러드,연어샐러드,SPECIFIC_MENU,MENU_NAME_AND_KEYWORD,95,true
WESTERN,BRUNCH_SALAD,브런치·샐러드,콥샐러드,콥샐러드,SPECIFIC_MENU,MENU_NAME_AND_KEYWORD,95,true
WESTERN,BRUNCH_SALAD,브런치·샐러드,포케,포케,SPECIFIC_MENU,MENU_NAME_AND_KEYWORD,95,true
WESTERN,BRUNCH_SALAD,브런치·샐러드,수프,수프,SPECIFIC_MENU,MENU_NAME_AND_KEYWORD,95,true
WESTERN,BRUNCH_SALAD,브런치·샐러드,양송이스프,양송이스프,SPECIFIC_MENU,MENU_NAME_AND_KEYWORD,95,true
WESTERN,BRUNCH_SALAD,브런치·샐러드,콘스프,콘스프,SPECIFIC_MENU,MENU_NAME_AND_KEYWORD,95,true
WESTERN,BRUNCH_SALAD,브런치·샐러드,감자스프,감자스프,SPECIFIC_MENU,MENU_NAME_AND_KEYWORD,95,true
WESTERN,BREAD_LIGHT_MEAL,빵·간편식,바게트,바게트,SPECIFIC_MENU,MENU_NAME_AND_KEYWORD,95,true
WESTERN,BREAD_LIGHT_MEAL,빵·간편식,치아바타,치아바타,SPECIFIC_MENU,MENU_NAME_AND_KEYWORD,95,true
WESTERN,BREAD_LIGHT_MEAL,빵·간편식,포카치아,포카치아,SPECIFIC_MENU,MENU_NAME_AND_KEYWORD,95,true
WESTERN,BREAD_LIGHT_MEAL,빵·간편식,베이글,베이글,SPECIFIC_MENU,MENU_NAME_AND_KEYWORD,95,true
WESTERN,BREAD_LIGHT_MEAL,빵·간편식,브루스케타,브루스케타,SPECIFIC_MENU,MENU_NAME_AND_KEYWORD,95,true
WESTERN,BREAD_LIGHT_MEAL,빵·간편식,샌드위치,샌드위치,SPECIFIC_MENU,MENU_NAME_AND_KEYWORD,95,true
WESTERN,BREAD_LIGHT_MEAL,빵·간편식,파니니,파니니,SPECIFIC_MENU,MENU_NAME_AND_KEYWORD,95,true
WESTERN,BREAD_LIGHT_MEAL,빵·간편식,랩,랩,SPECIFIC_MENU,MENU_NAME_AND_KEYWORD,95,true
WESTERN,BREAD_LIGHT_MEAL,빵·간편식,퀘사디아,퀘사디아,SPECIFIC_MENU,MENU_NAME_AND_KEYWORD,95,true
WESTERN,BREAD_LIGHT_MEAL,빵·간편식,핫도그,핫도그,SPECIFIC_MENU,MENU_NAME_AND_KEYWORD,95,true
WESTERN,BREAD_LIGHT_MEAL,빵·간편식,소시지,소시지,SPECIFIC_MENU,MENU_NAME_AND_KEYWORD,95,true
WESTERN,BREAD_LIGHT_MEAL,빵·간편식,감자튀김,감자튀김,SPECIFIC_MENU,MENU_NAME_AND_KEYWORD,95,true
WESTERN,BREAD_LIGHT_MEAL,빵·간편식,웨지감자,웨지감자,SPECIFIC_MENU,MENU_NAME_AND_KEYWORD,95,true
WESTERN,CATEGORY_AUXILIARY,카테고리 보조,이탈리안,이탈리안,CATEGORY_AUX,RESTAURANT_TAG_AND_KEYWORD,55,true
WESTERN,CATEGORY_AUXILIARY,카테고리 보조,프렌치,프렌치,CATEGORY_AUX,RESTAURANT_TAG_AND_KEYWORD,55,true
WESTERN,CATEGORY_AUXILIARY,카테고리 보조,유러피안,유러피안,CATEGORY_AUX,RESTAURANT_TAG_AND_KEYWORD,55,true
WESTERN,CATEGORY_AUXILIARY,카테고리 보조,스테이크하우스,스테이크하우스,CATEGORY_AUX,RESTAURANT_TAG_AND_KEYWORD,55,true
WESTERN,CATEGORY_AUXILIARY,카테고리 보조,브런치카페,브런치카페,CATEGORY_AUX,RESTAURANT_TAG_AND_KEYWORD,55,true
WESTERN,CATEGORY_AUXILIARY,카테고리 보조,치즈,치즈,CATEGORY_AUX,RESTAURANT_TAG_AND_KEYWORD,55,true
WESTERN,CATEGORY_AUXILIARY,카테고리 보조,크림,크림,CATEGORY_AUX,RESTAURANT_TAG_AND_KEYWORD,55,true
WESTERN,CATEGORY_AUXILIARY,카테고리 보조,토마토소스,토마토소스,CATEGORY_AUX,RESTAURANT_TAG_AND_KEYWORD,55,true
WESTERN,CATEGORY_AUXILIARY,카테고리 보조,오일소스,오일소스,CATEGORY_AUX,RESTAURANT_TAG_AND_KEYWORD,55,true
WESTERN,CATEGORY_AUXILIARY,카테고리 보조,와인과 어울리는,와인과 어울리는,CATEGORY_AUX,RESTAURANT_TAG_AND_KEYWORD,55,true
WESTERN,CATEGORY_AUXILIARY,카테고리 보조,코스요리,코스요리,CATEGORY_AUX,RESTAURANT_TAG_AND_KEYWORD,55,true
WESTERN,CATEGORY_AUXILIARY,카테고리 보조,데이트 음식,데이트 음식,CATEGORY_AUX,RESTAURANT_TAG_AND_KEYWORD,55,true
CHINESE,NOODLE_DISH,면 요리,짜장면,짜장면,SPECIFIC_MENU,MENU_NAME_AND_KEYWORD,95,true
CHINESE,NOODLE_DISH,면 요리,간짜장,간짜장,SPECIFIC_MENU,MENU_NAME_AND_KEYWORD,95,true
CHINESE,NOODLE_DISH,면 요리,삼선짜장,삼선짜장,SPECIFIC_MENU,MENU_NAME_AND_KEYWORD,95,true
CHINESE,NOODLE_DISH,면 요리,유니짜장,유니짜장,SPECIFIC_MENU,MENU_NAME_AND_KEYWORD,95,true
CHINESE,NOODLE_DISH,면 요리,쟁반짜장,쟁반짜장,SPECIFIC_MENU,MENU_NAME_AND_KEYWORD,95,true
CHINESE,NOODLE_DISH,면 요리,짬뽕,짬뽕,SPECIFIC_MENU,MENU_NAME_AND_KEYWORD,95,true
CHINESE,NOODLE_DISH,면 요리,삼선짬뽕,삼선짬뽕,SPECIFIC_MENU,MENU_NAME_AND_KEYWORD,95,true
CHINESE,NOODLE_DISH,면 요리,해물짬뽕,해물짬뽕,SPECIFIC_MENU,MENU_NAME_AND_KEYWORD,95,true
CHINESE,NOODLE_DISH,면 요리,고기짬뽕,고기짬뽕,SPECIFIC_MENU,MENU_NAME_AND_KEYWORD,95,true
CHINESE,NOODLE_DISH,면 요리,백짬뽕,백짬뽕,SPECIFIC_MENU,MENU_NAME_AND_KEYWORD,95,true
CHINESE,NOODLE_DISH,면 요리,볶음짬뽕,볶음짬뽕,SPECIFIC_MENU,MENU_NAME_AND_KEYWORD,95,true
CHINESE,NOODLE_DISH,면 요리,우육면,우육면,SPECIFIC_MENU,MENU_NAME_AND_KEYWORD,95,true
CHINESE,NOODLE_DISH,면 요리,탄탄면,탄탄면,SPECIFIC_MENU,MENU_NAME_AND_KEYWORD,95,true
CHINESE,NOODLE_DISH,면 요리,도삭면,도삭면,SPECIFIC_MENU,MENU_NAME_AND_KEYWORD,95,true
CHINESE,NOODLE_DISH,면 요리,완탕면,완탕면,SPECIFIC_MENU,MENU_NAME_AND_KEYWORD,95,true
CHINESE,NOODLE_DISH,면 요리,마라면,마라면,SPECIFIC_MENU,MENU_NAME_AND_KEYWORD,95,true
CHINESE,NOODLE_DISH,면 요리,중화냉면,중화냉면,SPECIFIC_MENU,MENU_NAME_AND_KEYWORD,95,true
CHINESE,NOODLE_DISH,면 요리,기스면,기스면,SPECIFIC_MENU,MENU_NAME_AND_KEYWORD,95,true
CHINESE,NOODLE_DISH,면 요리,울면,울면,SPECIFIC_MENU,MENU_NAME_AND_KEYWORD,95,true
CHINESE,NOODLE_DISH,면 요리,사천탕면,사천탕면,SPECIFIC_MENU,MENU_NAME_AND_KEYWORD,95,true
CHINESE,NOODLE_DISH,면 요리,중국식볶음면,중국식볶음면,SPECIFIC_MENU,MENU_NAME_AND_KEYWORD,95,true
CHINESE,NOODLE_DISH,면 요리,차오미엔,차오미엔,SPECIFIC_MENU,MENU_NAME_AND_KEYWORD,95,true
CHINESE,RICE_DISH,밥 요리,볶음밥,볶음밥,SPECIFIC_MENU,MENU_NAME_AND_KEYWORD,95,true
CHINESE,RICE_DISH,밥 요리,중화볶음밥,중화볶음밥,SPECIFIC_MENU,MENU_NAME_AND_KEYWORD,95,true
CHINESE,RICE_DISH,밥 요리,새우볶음밥,새우볶음밥,SPECIFIC_MENU,MENU_NAME_AND_KEYWORD,95,true
CHINESE,RICE_DISH,밥 요리,게살볶음밥,게살볶음밥,SPECIFIC_MENU,MENU_NAME_AND_KEYWORD,95,true
CHINESE,RICE_DISH,밥 요리,XO볶음밥,XO볶음밥,SPECIFIC_MENU,MENU_NAME_AND_KEYWORD,95,true
CHINESE,RICE_DISH,밥 요리,짜장밥,짜장밥,SPECIFIC_MENU,MENU_NAME_AND_KEYWORD,95,true
CHINESE,RICE_DISH,밥 요리,짬뽕밥,짬뽕밥,SPECIFIC_MENU,MENU_NAME_AND_KEYWORD,95,true
CHINESE,RICE_DISH,밥 요리,마파두부밥,마파두부밥,SPECIFIC_MENU,MENU_NAME_AND_KEYWORD,95,true
CHINESE,RICE_DISH,밥 요리,잡탕밥,잡탕밥,SPECIFIC_MENU,MENU_NAME_AND_KEYWORD,95,true
CHINESE,RICE_DISH,밥 요리,유산슬밥,유산슬밥,SPECIFIC_MENU,MENU_NAME_AND_KEYWORD,95,true
CHINESE,RICE_DISH,밥 요리,고추잡채밥,고추잡채밥,SPECIFIC_MENU,MENU_NAME_AND_KEYWORD,95,true
CHINESE,RICE_DISH,밥 요리,중국식덮밥,중국식덮밥,SPECIFIC_MENU,MENU_NAME_AND_KEYWORD,95,true
CHINESE,MEAT_FRIED,고기·튀김,탕수육,탕수육,SPECIFIC_MENU,MENU_NAME_AND_KEYWORD,95,true
CHINESE,MEAT_FRIED,고기·튀김,찹쌀탕수육,찹쌀탕수육,SPECIFIC_MENU,MENU_NAME_AND_KEYWORD,95,true
CHINESE,MEAT_FRIED,고기·튀김,꿔바로우,꿔바로우,SPECIFIC_MENU,MENU_NAME_AND_KEYWORD,95,true
CHINESE,MEAT_FRIED,고기·튀김,깐풍기,깐풍기,SPECIFIC_MENU,MENU_NAME_AND_KEYWORD,95,true
CHINESE,MEAT_FRIED,고기·튀김,라조기,라조기,SPECIFIC_MENU,MENU_NAME_AND_KEYWORD,95,true
CHINESE,MEAT_FRIED,고기·튀김,유린기,유린기,SPECIFIC_MENU,MENU_NAME_AND_KEYWORD,95,true
CHINESE,MEAT_FRIED,고기·튀김,동파육,동파육,SPECIFIC_MENU,MENU_NAME_AND_KEYWORD,95,true
CHINESE,MEAT_FRIED,고기·튀김,홍소육,홍소육,SPECIFIC_MENU,MENU_NAME_AND_KEYWORD,95,true
CHINESE,MEAT_FRIED,고기·튀김,마라샹궈,마라샹궈,SPECIFIC_MENU,MENU_NAME_AND_KEYWORD,95,true
CHINESE,MEAT_FRIED,고기·튀김,고추잡채,고추잡채,SPECIFIC_MENU,MENU_NAME_AND_KEYWORD,95,true
CHINESE,MEAT_FRIED,고기·튀김,난자완스,난자완스,SPECIFIC_MENU,MENU_NAME_AND_KEYWORD,95,true
CHINESE,MEAT_FRIED,고기·튀김,경장육슬,경장육슬,SPECIFIC_MENU,MENU_NAME_AND_KEYWORD,95,true
CHINESE,MEAT_FRIED,고기·튀김,북경오리,북경오리,SPECIFIC_MENU,MENU_NAME_AND_KEYWORD,95,true
CHINESE,MEAT_FRIED,고기·튀김,오향장육,오향장육,SPECIFIC_MENU,MENU_NAME_AND_KEYWORD,95,true
CHINESE,MEAT_FRIED,고기·튀김,양꼬치,양꼬치,SPECIFIC_MENU,MENU_NAME_AND_KEYWORD,95,true
CHINESE,MEAT_FRIED,고기·튀김,양갈비,양갈비,SPECIFIC_MENU,MENU_NAME_AND_KEYWORD,95,true
CHINESE,MEAT_FRIED,고기·튀김,향라육사,향라육사,SPECIFIC_MENU,MENU_NAME_AND_KEYWORD,95,true
CHINESE,SEAFOOD_DISH,해산물 요리,깐쇼새우,깐쇼새우,SPECIFIC_MENU,MENU_NAME_AND_KEYWORD,95,true
CHINESE,SEAFOOD_DISH,해산물 요리,칠리새우,칠리새우,SPECIFIC_MENU,MENU_NAME_AND_KEYWORD,95,true
CHINESE,SEAFOOD_DISH,해산물 요리,크림새우,크림새우,SPECIFIC_MENU,MENU_NAME_AND_KEYWORD,95,true
CHINESE,SEAFOOD_DISH,해산물 요리,멘보샤,멘보샤,SPECIFIC_MENU,MENU_NAME_AND_KEYWORD,95,true
CHINESE,SEAFOOD_DISH,해산물 요리,팔보채,팔보채,SPECIFIC_MENU,MENU_NAME_AND_KEYWORD,95,true
CHINESE,SEAFOOD_DISH,해산물 요리,유산슬,유산슬,SPECIFIC_MENU,MENU_NAME_AND_KEYWORD,95,true
CHINESE,SEAFOOD_DISH,해산물 요리,양장피,양장피,SPECIFIC_MENU,MENU_NAME_AND_KEYWORD,95,true
CHINESE,SEAFOOD_DISH,해산물 요리,해삼요리,해삼요리,SPECIFIC_MENU,MENU_NAME_AND_KEYWORD,95,true
CHINESE,SEAFOOD_DISH,해산물 요리,전가복,전가복,SPECIFIC_MENU,MENU_NAME_AND_KEYWORD,95,true
CHINESE,SEAFOOD_DISH,해산물 요리,게살요리,게살요리,SPECIFIC_MENU,MENU_NAME_AND_KEYWORD,95,true
CHINESE,SEAFOOD_DISH,해산물 요리,마라해물,마라해물,SPECIFIC_MENU,MENU_NAME_AND_KEYWORD,95,true
CHINESE,SEAFOOD_DISH,해산물 요리,해물누룽지탕,해물누룽지탕,SPECIFIC_MENU,MENU_NAME_AND_KEYWORD,95,true
CHINESE,DUMPLING_DIMSUM,만두·딤섬,만두,만두,SPECIFIC_MENU,MENU_NAME_AND_KEYWORD,95,true
CHINESE,DUMPLING_DIMSUM,만두·딤섬,군만두,군만두,SPECIFIC_MENU,MENU_NAME_AND_KEYWORD,95,true
CHINESE,DUMPLING_DIMSUM,만두·딤섬,물만두,물만두,SPECIFIC_MENU,MENU_NAME_AND_KEYWORD,95,true
CHINESE,DUMPLING_DIMSUM,만두·딤섬,찐만두,찐만두,SPECIFIC_MENU,MENU_NAME_AND_KEYWORD,95,true
CHINESE,DUMPLING_DIMSUM,만두·딤섬,샤오롱바오,샤오롱바오,SPECIFIC_MENU,MENU_NAME_AND_KEYWORD,95,true
CHINESE,DUMPLING_DIMSUM,만두·딤섬,소룡포,소룡포,SPECIFIC_MENU,MENU_NAME_AND_KEYWORD,95,true
CHINESE,DUMPLING_DIMSUM,만두·딤섬,딤섬,딤섬,SPECIFIC_MENU,MENU_NAME_AND_KEYWORD,95,true
CHINESE,DUMPLING_DIMSUM,만두·딤섬,하가우,하가우,SPECIFIC_MENU,MENU_NAME_AND_KEYWORD,95,true
CHINESE,DUMPLING_DIMSUM,만두·딤섬,춘권,춘권,SPECIFIC_MENU,MENU_NAME_AND_KEYWORD,95,true
CHINESE,DUMPLING_DIMSUM,만두·딤섬,완탕,완탕,SPECIFIC_MENU,MENU_NAME_AND_KEYWORD,95,true
CHINESE,DUMPLING_DIMSUM,만두·딤섬,바오,바오,SPECIFIC_MENU,MENU_NAME_AND_KEYWORD,95,true
CHINESE,DUMPLING_DIMSUM,만두·딤섬,부추만두,부추만두,SPECIFIC_MENU,MENU_NAME_AND_KEYWORD,95,true
CHINESE,DUMPLING_DIMSUM,만두·딤섬,새우만두,새우만두,SPECIFIC_MENU,MENU_NAME_AND_KEYWORD,95,true
CHINESE,MALA_SICHUAN,마라·사천,마라탕,마라탕,SPECIFIC_MENU,MENU_NAME_AND_KEYWORD,95,true
CHINESE,MALA_SICHUAN,마라·사천,마라샹궈,마라샹궈,SPECIFIC_MENU,MENU_NAME_AND_KEYWORD,95,true
CHINESE,MALA_SICHUAN,마라·사천,마라면,마라면,SPECIFIC_MENU,MENU_NAME_AND_KEYWORD,95,true
CHINESE,MALA_SICHUAN,마라·사천,마라볶음,마라볶음,SPECIFIC_MENU,MENU_NAME_AND_KEYWORD,95,true
CHINESE,MALA_SICHUAN,마라·사천,훠궈,훠궈,SPECIFIC_MENU,MENU_NAME_AND_KEYWORD,95,true
CHINESE,MALA_SICHUAN,마라·사천,사천요리,사천요리,SPECIFIC_MENU,MENU_NAME_AND_KEYWORD,95,true
CHINESE,MALA_SICHUAN,마라·사천,매운중식,매운중식,SPECIFIC_MENU,MENU_NAME_AND_KEYWORD,95,true
CHINESE,MALA_SICHUAN,마라·사천,산초,산초,SPECIFIC_MENU,MENU_NAME_AND_KEYWORD,95,true
CHINESE,MALA_SICHUAN,마라·사천,화자오,화자오,SPECIFIC_MENU,MENU_NAME_AND_KEYWORD,95,true
CHINESE,MALA_SICHUAN,마라·사천,향라,향라,SPECIFIC_MENU,MENU_NAME_AND_KEYWORD,95,true
CHINESE,CATEGORY_AUXILIARY,카테고리 보조,중화요리,중화요리,CATEGORY_AUX,RESTAURANT_TAG_AND_KEYWORD,55,true
CHINESE,CATEGORY_AUXILIARY,카테고리 보조,중국집,중국집,CATEGORY_AUX,RESTAURANT_TAG_AND_KEYWORD,55,true
CHINESE,CATEGORY_AUXILIARY,카테고리 보조,중국음식,중국음식,CATEGORY_AUX,RESTAURANT_TAG_AND_KEYWORD,55,true
CHINESE,CATEGORY_AUXILIARY,카테고리 보조,차이니즈,차이니즈,CATEGORY_AUX,RESTAURANT_TAG_AND_KEYWORD,55,true
CHINESE,CATEGORY_AUXILIARY,카테고리 보조,매운 중식,매운 중식,CATEGORY_AUX,RESTAURANT_TAG_AND_KEYWORD,55,true
CHINESE,CATEGORY_AUXILIARY,카테고리 보조,불맛,불맛,CATEGORY_AUX,RESTAURANT_TAG_AND_KEYWORD,55,true
CHINESE,CATEGORY_AUXILIARY,카테고리 보조,웍,웍,CATEGORY_AUX,RESTAURANT_TAG_AND_KEYWORD,55,true
CHINESE,CATEGORY_AUXILIARY,카테고리 보조,볶음요리,볶음요리,CATEGORY_AUX,RESTAURANT_TAG_AND_KEYWORD,55,true
CHINESE,CATEGORY_AUXILIARY,카테고리 보조,마라,마라,CATEGORY_AUX,RESTAURANT_TAG_AND_KEYWORD,55,true
CHINESE,CATEGORY_AUXILIARY,카테고리 보조,딤섬,딤섬,CATEGORY_AUX,RESTAURANT_TAG_AND_KEYWORD,55,true
CHINESE,CATEGORY_AUXILIARY,카테고리 보조,코스중식,코스중식,CATEGORY_AUX,RESTAURANT_TAG_AND_KEYWORD,55,true
JAPANESE,SUSHI_SASHIMI,초밥·회,초밥,초밥,SPECIFIC_MENU,MENU_NAME_AND_KEYWORD,95,true
JAPANESE,SUSHI_SASHIMI,초밥·회,스시,스시,SPECIFIC_MENU,MENU_NAME_AND_KEYWORD,95,true
JAPANESE,SUSHI_SASHIMI,초밥·회,모둠초밥,모둠초밥,SPECIFIC_MENU,MENU_NAME_AND_KEYWORD,95,true
JAPANESE,SUSHI_SASHIMI,초밥·회,연어초밥,연어초밥,SPECIFIC_MENU,MENU_NAME_AND_KEYWORD,95,true
JAPANESE,SUSHI_SASHIMI,초밥·회,참치초밥,참치초밥,SPECIFIC_MENU,MENU_NAME_AND_KEYWORD,95,true
JAPANESE,SUSHI_SASHIMI,초밥·회,광어초밥,광어초밥,SPECIFIC_MENU,MENU_NAME_AND_KEYWORD,95,true
JAPANESE,SUSHI_SASHIMI,초밥·회,장어초밥,장어초밥,SPECIFIC_MENU,MENU_NAME_AND_KEYWORD,95,true
JAPANESE,SUSHI_SASHIMI,초밥·회,새우초밥,새우초밥,SPECIFIC_MENU,MENU_NAME_AND_KEYWORD,95,true
JAPANESE,SUSHI_SASHIMI,초밥·회,계란초밥,계란초밥,SPECIFIC_MENU,MENU_NAME_AND_KEYWORD,95,true
JAPANESE,SUSHI_SASHIMI,초밥·회,유부초밥,유부초밥,SPECIFIC_MENU,MENU_NAME_AND_KEYWORD,95,true
JAPANESE,SUSHI_SASHIMI,초밥·회,니기리,니기리,SPECIFIC_MENU,MENU_NAME_AND_KEYWORD,95,true
JAPANESE,SUSHI_SASHIMI,초밥·회,사시미,사시미,SPECIFIC_MENU,MENU_NAME_AND_KEYWORD,95,true
JAPANESE,SUSHI_SASHIMI,초밥·회,회,회,SPECIFIC_MENU,MENU_NAME_AND_KEYWORD,95,true
JAPANESE,SUSHI_SASHIMI,초밥·회,연어회,연어회,SPECIFIC_MENU,MENU_NAME_AND_KEYWORD,95,true
JAPANESE,SUSHI_SASHIMI,초밥·회,참치회,참치회,SPECIFIC_MENU,MENU_NAME_AND_KEYWORD,95,true
JAPANESE,SUSHI_SASHIMI,초밥·회,광어회,광어회,SPECIFIC_MENU,MENU_NAME_AND_KEYWORD,95,true
JAPANESE,SUSHI_SASHIMI,초밥·회,모둠회,모둠회,SPECIFIC_MENU,MENU_NAME_AND_KEYWORD,95,true
JAPANESE,SUSHI_SASHIMI,초밥·회,카이센동,카이센동,SPECIFIC_MENU,MENU_NAME_AND_KEYWORD,95,true
JAPANESE,SUSHI_SASHIMI,초밥·회,회덮밥,회덮밥,SPECIFIC_MENU,MENU_NAME_AND_KEYWORD,95,true
JAPANESE,NOODLE_DISH,면 요리,라멘,라멘,SPECIFIC_MENU,MENU_NAME_AND_KEYWORD,95,true
JAPANESE,NOODLE_DISH,면 요리,돈코츠라멘,돈코츠라멘,SPECIFIC_MENU,MENU_NAME_AND_KEYWORD,95,true
JAPANESE,NOODLE_DISH,면 요리,쇼유라멘,쇼유라멘,SPECIFIC_MENU,MENU_NAME_AND_KEYWORD,95,true
JAPANESE,NOODLE_DISH,면 요리,미소라멘,미소라멘,SPECIFIC_MENU,MENU_NAME_AND_KEYWORD,95,true
JAPANESE,NOODLE_DISH,면 요리,시오라멘,시오라멘,SPECIFIC_MENU,MENU_NAME_AND_KEYWORD,95,true
JAPANESE,NOODLE_DISH,면 요리,탄탄멘,탄탄멘,SPECIFIC_MENU,MENU_NAME_AND_KEYWORD,95,true
JAPANESE,NOODLE_DISH,면 요리,츠케멘,츠케멘,SPECIFIC_MENU,MENU_NAME_AND_KEYWORD,95,true
JAPANESE,NOODLE_DISH,면 요리,마제소바,마제소바,SPECIFIC_MENU,MENU_NAME_AND_KEYWORD,95,true
JAPANESE,NOODLE_DISH,면 요리,소바,소바,SPECIFIC_MENU,MENU_NAME_AND_KEYWORD,95,true
JAPANESE,NOODLE_DISH,면 요리,냉소바,냉소바,SPECIFIC_MENU,MENU_NAME_AND_KEYWORD,95,true
JAPANESE,NOODLE_DISH,면 요리,자루소바,자루소바,SPECIFIC_MENU,MENU_NAME_AND_KEYWORD,95,true
JAPANESE,NOODLE_DISH,면 요리,온소바,온소바,SPECIFIC_MENU,MENU_NAME_AND_KEYWORD,95,true
JAPANESE,NOODLE_DISH,면 요리,우동,우동,SPECIFIC_MENU,MENU_NAME_AND_KEYWORD,95,true
JAPANESE,NOODLE_DISH,면 요리,가락국수,가락국수,SPECIFIC_MENU,MENU_NAME_AND_KEYWORD,95,true
JAPANESE,NOODLE_DISH,면 요리,카레우동,카레우동,SPECIFIC_MENU,MENU_NAME_AND_KEYWORD,95,true
JAPANESE,NOODLE_DISH,면 요리,볶음우동,볶음우동,SPECIFIC_MENU,MENU_NAME_AND_KEYWORD,95,true
JAPANESE,NOODLE_DISH,면 요리,야키소바,야키소바,SPECIFIC_MENU,MENU_NAME_AND_KEYWORD,95,true
JAPANESE,NOODLE_DISH,면 요리,나가사키짬뽕,나가사키짬뽕,SPECIFIC_MENU,MENU_NAME_AND_KEYWORD,95,true
JAPANESE,RICE_DONBURI,덮밥·밥,돈부리,돈부리,SPECIFIC_MENU,MENU_NAME_AND_KEYWORD,95,true
JAPANESE,RICE_DONBURI,덮밥·밥,가츠동,가츠동,SPECIFIC_MENU,MENU_NAME_AND_KEYWORD,95,true
JAPANESE,RICE_DONBURI,덮밥·밥,규동,규동,SPECIFIC_MENU,MENU_NAME_AND_KEYWORD,95,true
JAPANESE,RICE_DONBURI,덮밥·밥,오야코동,오야코동,SPECIFIC_MENU,MENU_NAME_AND_KEYWORD,95,true
JAPANESE,RICE_DONBURI,덮밥·밥,텐동,텐동,SPECIFIC_MENU,MENU_NAME_AND_KEYWORD,95,true
JAPANESE,RICE_DONBURI,덮밥·밥,에비동,에비동,SPECIFIC_MENU,MENU_NAME_AND_KEYWORD,95,true
JAPANESE,RICE_DONBURI,덮밥·밥,사케동,사케동,SPECIFIC_MENU,MENU_NAME_AND_KEYWORD,95,true
JAPANESE,RICE_DONBURI,덮밥·밥,연어덮밥,연어덮밥,SPECIFIC_MENU,MENU_NAME_AND_KEYWORD,95,true
JAPANESE,RICE_DONBURI,덮밥·밥,참치덮밥,참치덮밥,SPECIFIC_MENU,MENU_NAME_AND_KEYWORD,95,true
JAPANESE,RICE_DONBURI,덮밥·밥,장어덮밥,장어덮밥,SPECIFIC_MENU,MENU_NAME_AND_KEYWORD,95,true
JAPANESE,RICE_DONBURI,덮밥·밥,우나기동,우나기동,SPECIFIC_MENU,MENU_NAME_AND_KEYWORD,95,true
JAPANESE,RICE_DONBURI,덮밥·밥,카이센동,카이센동,SPECIFIC_MENU,MENU_NAME_AND_KEYWORD,95,true
JAPANESE,RICE_DONBURI,덮밥·밥,일본식카레,일본식카레,SPECIFIC_MENU,MENU_NAME_AND_KEYWORD,95,true
JAPANESE,RICE_DONBURI,덮밥·밥,카레라이스,카레라이스,SPECIFIC_MENU,MENU_NAME_AND_KEYWORD,95,true
JAPANESE,RICE_DONBURI,덮밥·밥,오므라이스,오므라이스,SPECIFIC_MENU,MENU_NAME_AND_KEYWORD,95,true
JAPANESE,RICE_DONBURI,덮밥·밥,솥밥,솥밥,SPECIFIC_MENU,MENU_NAME_AND_KEYWORD,95,true
JAPANESE,RICE_DONBURI,덮밥·밥,가마메시,가마메시,SPECIFIC_MENU,MENU_NAME_AND_KEYWORD,95,true
JAPANESE,RICE_DONBURI,덮밥·밥,오차즈케,오차즈케,SPECIFIC_MENU,MENU_NAME_AND_KEYWORD,95,true
JAPANESE,FRIED_GRILLED,튀김·구이,돈카츠,돈카츠,SPECIFIC_MENU,MENU_NAME_AND_KEYWORD,95,true
JAPANESE,FRIED_GRILLED,튀김·구이,돈가스,돈가스,SPECIFIC_MENU,MENU_NAME_AND_KEYWORD,95,true
JAPANESE,FRIED_GRILLED,튀김·구이,로스카츠,로스카츠,SPECIFIC_MENU,MENU_NAME_AND_KEYWORD,95,true
JAPANESE,FRIED_GRILLED,튀김·구이,히레카츠,히레카츠,SPECIFIC_MENU,MENU_NAME_AND_KEYWORD,95,true
JAPANESE,FRIED_GRILLED,튀김·구이,치즈카츠,치즈카츠,SPECIFIC_MENU,MENU_NAME_AND_KEYWORD,95,true
JAPANESE,FRIED_GRILLED,튀김·구이,규카츠,규카츠,SPECIFIC_MENU,MENU_NAME_AND_KEYWORD,95,true
JAPANESE,FRIED_GRILLED,튀김·구이,치킨카츠,치킨카츠,SPECIFIC_MENU,MENU_NAME_AND_KEYWORD,95,true
JAPANESE,FRIED_GRILLED,튀김·구이,새우튀김,새우튀김,SPECIFIC_MENU,MENU_NAME_AND_KEYWORD,95,true
JAPANESE,FRIED_GRILLED,튀김·구이,덴푸라,덴푸라,SPECIFIC_MENU,MENU_NAME_AND_KEYWORD,95,true
JAPANESE,FRIED_GRILLED,튀김·구이,가라아게,가라아게,SPECIFIC_MENU,MENU_NAME_AND_KEYWORD,95,true
JAPANESE,FRIED_GRILLED,튀김·구이,닭튀김,닭튀김,SPECIFIC_MENU,MENU_NAME_AND_KEYWORD,95,true
JAPANESE,FRIED_GRILLED,튀김·구이,고로케,고로케,SPECIFIC_MENU,MENU_NAME_AND_KEYWORD,95,true
JAPANESE,FRIED_GRILLED,튀김·구이,타코야키,타코야키,SPECIFIC_MENU,MENU_NAME_AND_KEYWORD,95,true
JAPANESE,FRIED_GRILLED,튀김·구이,오코노미야키,오코노미야키,SPECIFIC_MENU,MENU_NAME_AND_KEYWORD,95,true
JAPANESE,FRIED_GRILLED,튀김·구이,야키토리,야키토리,SPECIFIC_MENU,MENU_NAME_AND_KEYWORD,95,true
JAPANESE,FRIED_GRILLED,튀김·구이,닭꼬치,닭꼬치,SPECIFIC_MENU,MENU_NAME_AND_KEYWORD,95,true
JAPANESE,FRIED_GRILLED,튀김·구이,사바구이,사바구이,SPECIFIC_MENU,MENU_NAME_AND_KEYWORD,95,true
JAPANESE,FRIED_GRILLED,튀김·구이,연어구이,연어구이,SPECIFIC_MENU,MENU_NAME_AND_KEYWORD,95,true
JAPANESE,FRIED_GRILLED,튀김·구이,장어구이,장어구이,SPECIFIC_MENU,MENU_NAME_AND_KEYWORD,95,true
JAPANESE,HOT_POT_SOUP,전골·국물,나베,나베,SPECIFIC_MENU,MENU_NAME_AND_KEYWORD,95,true
JAPANESE,HOT_POT_SOUP,전골·국물,스키야키,스키야키,SPECIFIC_MENU,MENU_NAME_AND_KEYWORD,95,true
JAPANESE,HOT_POT_SOUP,전골·국물,샤브샤브,샤브샤브,SPECIFIC_MENU,MENU_NAME_AND_KEYWORD,95,true
JAPANESE,HOT_POT_SOUP,전골·국물,오뎅탕,오뎅탕,SPECIFIC_MENU,MENU_NAME_AND_KEYWORD,95,true
JAPANESE,HOT_POT_SOUP,전골·국물,어묵탕,어묵탕,SPECIFIC_MENU,MENU_NAME_AND_KEYWORD,95,true
JAPANESE,HOT_POT_SOUP,전골·국물,모츠나베,모츠나베,SPECIFIC_MENU,MENU_NAME_AND_KEYWORD,95,true
JAPANESE,HOT_POT_SOUP,전골·국물,밀푀유나베,밀푀유나베,SPECIFIC_MENU,MENU_NAME_AND_KEYWORD,95,true
JAPANESE,HOT_POT_SOUP,전골·국물,미소시루,미소시루,SPECIFIC_MENU,MENU_NAME_AND_KEYWORD,95,true
JAPANESE,HOT_POT_SOUP,전골·국물,일본식전골,일본식전골,SPECIFIC_MENU,MENU_NAME_AND_KEYWORD,95,true
JAPANESE,CATEGORY_AUXILIARY,카테고리 보조,일본음식,일본음식,CATEGORY_AUX,RESTAURANT_TAG_AND_KEYWORD,55,true
JAPANESE,CATEGORY_AUXILIARY,카테고리 보조,재패니즈,재패니즈,CATEGORY_AUX,RESTAURANT_TAG_AND_KEYWORD,55,true
JAPANESE,CATEGORY_AUXILIARY,카테고리 보조,정갈한,정갈한,CATEGORY_AUX,RESTAURANT_TAG_AND_KEYWORD,55,true
JAPANESE,CATEGORY_AUXILIARY,카테고리 보조,사시미,사시미,CATEGORY_AUX,RESTAURANT_TAG_AND_KEYWORD,55,true
JAPANESE,CATEGORY_AUXILIARY,카테고리 보조,스시,스시,CATEGORY_AUX,RESTAURANT_TAG_AND_KEYWORD,55,true
JAPANESE,CATEGORY_AUXILIARY,카테고리 보조,카츠,카츠,CATEGORY_AUX,RESTAURANT_TAG_AND_KEYWORD,55,true
JAPANESE,CATEGORY_AUXILIARY,카테고리 보조,동,동,CATEGORY_AUX,RESTAURANT_TAG_AND_KEYWORD,55,true
JAPANESE,CATEGORY_AUXILIARY,카테고리 보조,이자카야요리,이자카야요리,CATEGORY_AUX,RESTAURANT_TAG_AND_KEYWORD,55,true
JAPANESE,CATEGORY_AUXILIARY,카테고리 보조,일본가정식,일본가정식,CATEGORY_AUX,RESTAURANT_TAG_AND_KEYWORD,55,true
JAPANESE,CATEGORY_AUXILIARY,카테고리 보조,오마카세,오마카세,CATEGORY_AUX,RESTAURANT_TAG_AND_KEYWORD,55,true
JAPANESE,CATEGORY_AUXILIARY,카테고리 보조,코스요리,코스요리,CATEGORY_AUX,RESTAURANT_TAG_AND_KEYWORD,55,true
SNACK,MAIN_MENU,대표 메뉴,떡볶이,떡볶이,SPECIFIC_MENU,MENU_NAME_AND_KEYWORD,95,true
SNACK,MAIN_MENU,대표 메뉴,국물떡볶이,국물떡볶이,SPECIFIC_MENU,MENU_NAME_AND_KEYWORD,95,true
SNACK,MAIN_MENU,대표 메뉴,즉석떡볶이,즉석떡볶이,SPECIFIC_MENU,MENU_NAME_AND_KEYWORD,95,true
SNACK,MAIN_MENU,대표 메뉴,로제떡볶이,로제떡볶이,SPECIFIC_MENU,MENU_NAME_AND_KEYWORD,95,true
SNACK,MAIN_MENU,대표 메뉴,짜장떡볶이,짜장떡볶이,SPECIFIC_MENU,MENU_NAME_AND_KEYWORD,95,true
SNACK,MAIN_MENU,대표 메뉴,마라떡볶이,마라떡볶이,SPECIFIC_MENU,MENU_NAME_AND_KEYWORD,95,true
SNACK,MAIN_MENU,대표 메뉴,라볶이,라볶이,SPECIFIC_MENU,MENU_NAME_AND_KEYWORD,95,true
SNACK,MAIN_MENU,대표 메뉴,쌀떡볶이,쌀떡볶이,SPECIFIC_MENU,MENU_NAME_AND_KEYWORD,95,true
SNACK,MAIN_MENU,대표 메뉴,밀떡볶이,밀떡볶이,SPECIFIC_MENU,MENU_NAME_AND_KEYWORD,95,true
SNACK,MAIN_MENU,대표 메뉴,김밥,김밥,SPECIFIC_MENU,MENU_NAME_AND_KEYWORD,95,true
SNACK,MAIN_MENU,대표 메뉴,야채김밥,야채김밥,SPECIFIC_MENU,MENU_NAME_AND_KEYWORD,95,true
SNACK,MAIN_MENU,대표 메뉴,참치김밥,참치김밥,SPECIFIC_MENU,MENU_NAME_AND_KEYWORD,95,true
SNACK,MAIN_MENU,대표 메뉴,치즈김밥,치즈김밥,SPECIFIC_MENU,MENU_NAME_AND_KEYWORD,95,true
SNACK,MAIN_MENU,대표 메뉴,돈가스김밥,돈가스김밥,SPECIFIC_MENU,MENU_NAME_AND_KEYWORD,95,true
SNACK,MAIN_MENU,대표 메뉴,충무김밥,충무김밥,SPECIFIC_MENU,MENU_NAME_AND_KEYWORD,95,true
SNACK,MAIN_MENU,대표 메뉴,꼬마김밥,꼬마김밥,SPECIFIC_MENU,MENU_NAME_AND_KEYWORD,95,true
SNACK,MAIN_MENU,대표 메뉴,순대,순대,SPECIFIC_MENU,MENU_NAME_AND_KEYWORD,95,true
SNACK,MAIN_MENU,대표 메뉴,찹쌀순대,찹쌀순대,SPECIFIC_MENU,MENU_NAME_AND_KEYWORD,95,true
SNACK,MAIN_MENU,대표 메뉴,내장,내장,SPECIFIC_MENU,MENU_NAME_AND_KEYWORD,95,true
SNACK,MAIN_MENU,대표 메뉴,튀김,튀김,SPECIFIC_MENU,MENU_NAME_AND_KEYWORD,95,true
SNACK,MAIN_MENU,대표 메뉴,김말이,김말이,SPECIFIC_MENU,MENU_NAME_AND_KEYWORD,95,true
SNACK,MAIN_MENU,대표 메뉴,오징어튀김,오징어튀김,SPECIFIC_MENU,MENU_NAME_AND_KEYWORD,95,true
SNACK,MAIN_MENU,대표 메뉴,야채튀김,야채튀김,SPECIFIC_MENU,MENU_NAME_AND_KEYWORD,95,true
SNACK,MAIN_MENU,대표 메뉴,새우튀김,새우튀김,SPECIFIC_MENU,MENU_NAME_AND_KEYWORD,95,true
SNACK,MAIN_MENU,대표 메뉴,고구마튀김,고구마튀김,SPECIFIC_MENU,MENU_NAME_AND_KEYWORD,95,true
SNACK,MAIN_MENU,대표 메뉴,만두튀김,만두튀김,SPECIFIC_MENU,MENU_NAME_AND_KEYWORD,95,true
SNACK,MAIN_MENU,대표 메뉴,라면,라면,SPECIFIC_MENU,MENU_NAME_AND_KEYWORD,95,true
SNACK,MAIN_MENU,대표 메뉴,치즈라면,치즈라면,SPECIFIC_MENU,MENU_NAME_AND_KEYWORD,95,true
SNACK,MAIN_MENU,대표 메뉴,떡라면,떡라면,SPECIFIC_MENU,MENU_NAME_AND_KEYWORD,95,true
SNACK,MAIN_MENU,대표 메뉴,만두라면,만두라면,SPECIFIC_MENU,MENU_NAME_AND_KEYWORD,95,true
SNACK,MAIN_MENU,대표 메뉴,쫄면,쫄면,SPECIFIC_MENU,MENU_NAME_AND_KEYWORD,95,true
SNACK,MAIN_MENU,대표 메뉴,비빔쫄면,비빔쫄면,SPECIFIC_MENU,MENU_NAME_AND_KEYWORD,95,true
SNACK,MAIN_MENU,대표 메뉴,우동,우동,SPECIFIC_MENU,MENU_NAME_AND_KEYWORD,95,true
SNACK,MAIN_MENU,대표 메뉴,어묵,어묵,SPECIFIC_MENU,MENU_NAME_AND_KEYWORD,95,true
SNACK,MAIN_MENU,대표 메뉴,오뎅,오뎅,SPECIFIC_MENU,MENU_NAME_AND_KEYWORD,95,true
SNACK,MAIN_MENU,대표 메뉴,어묵탕,어묵탕,SPECIFIC_MENU,MENU_NAME_AND_KEYWORD,95,true
SNACK,MAIN_MENU,대표 메뉴,만두,만두,SPECIFIC_MENU,MENU_NAME_AND_KEYWORD,95,true
SNACK,MAIN_MENU,대표 메뉴,군만두,군만두,SPECIFIC_MENU,MENU_NAME_AND_KEYWORD,95,true
SNACK,MAIN_MENU,대표 메뉴,찐만두,찐만두,SPECIFIC_MENU,MENU_NAME_AND_KEYWORD,95,true
SNACK,MAIN_MENU,대표 메뉴,잔치국수,잔치국수,SPECIFIC_MENU,MENU_NAME_AND_KEYWORD,95,true
SNACK,MAIN_MENU,대표 메뉴,비빔국수,비빔국수,SPECIFIC_MENU,MENU_NAME_AND_KEYWORD,95,true
SNACK,MAIN_MENU,대표 메뉴,칼국수,칼국수,SPECIFIC_MENU,MENU_NAME_AND_KEYWORD,95,true
SNACK,MAIN_MENU,대표 메뉴,수제비,수제비,SPECIFIC_MENU,MENU_NAME_AND_KEYWORD,95,true
SNACK,MAIN_MENU,대표 메뉴,돈가스,돈가스,SPECIFIC_MENU,MENU_NAME_AND_KEYWORD,95,true
SNACK,MAIN_MENU,대표 메뉴,핫도그,핫도그,SPECIFIC_MENU,MENU_NAME_AND_KEYWORD,95,true
SNACK,MAIN_MENU,대표 메뉴,소떡소떡,소떡소떡,SPECIFIC_MENU,MENU_NAME_AND_KEYWORD,95,true
SNACK,MAIN_MENU,대표 메뉴,닭꼬치,닭꼬치,SPECIFIC_MENU,MENU_NAME_AND_KEYWORD,95,true
SNACK,MAIN_MENU,대표 메뉴,컵밥,컵밥,SPECIFIC_MENU,MENU_NAME_AND_KEYWORD,95,true
SNACK,MAIN_MENU,대표 메뉴,주먹밥,주먹밥,SPECIFIC_MENU,MENU_NAME_AND_KEYWORD,95,true
SNACK,MAIN_MENU,대표 메뉴,볶음밥,볶음밥,SPECIFIC_MENU,MENU_NAME_AND_KEYWORD,95,true
SNACK,CATEGORY_AUXILIARY,카테고리 보조,간식,간식,CATEGORY_AUX,RESTAURANT_TAG_AND_KEYWORD,55,true
SNACK,CATEGORY_AUXILIARY,카테고리 보조,학생 음식,학생 음식,CATEGORY_AUX,RESTAURANT_TAG_AND_KEYWORD,55,true
SNACK,CATEGORY_AUXILIARY,카테고리 보조,학교 앞,학교 앞,CATEGORY_AUX,RESTAURANT_TAG_AND_KEYWORD,55,true
SNACK,CATEGORY_AUXILIARY,카테고리 보조,저렴한 음식,저렴한 음식,CATEGORY_AUX,RESTAURANT_TAG_AND_KEYWORD,55,true
SNACK,CATEGORY_AUXILIARY,카테고리 보조,가성비,가성비,CATEGORY_AUX,RESTAURANT_TAG_AND_KEYWORD,55,true
SNACK,CATEGORY_AUXILIARY,카테고리 보조,매운 간식,매운 간식,CATEGORY_AUX,RESTAURANT_TAG_AND_KEYWORD,55,true
SNACK,CATEGORY_AUXILIARY,카테고리 보조,길거리 음식,길거리 음식,CATEGORY_AUX,RESTAURANT_TAG_AND_KEYWORD,55,true
SNACK,CATEGORY_AUXILIARY,카테고리 보조,분식집,분식집,CATEGORY_AUX,RESTAURANT_TAG_AND_KEYWORD,55,true
SNACK,CATEGORY_AUXILIARY,카테고리 보조,혼밥,혼밥,CATEGORY_AUX,RESTAURANT_TAG_AND_KEYWORD,55,true
SNACK,CATEGORY_AUXILIARY,카테고리 보조,빠른 식사,빠른 식사,CATEGORY_AUX,RESTAURANT_TAG_AND_KEYWORD,55,true
FAST_FOOD,BURGER,버거,햄버거,햄버거,SPECIFIC_MENU,MENU_NAME_AND_KEYWORD,95,true
FAST_FOOD,BURGER,버거,버거,버거,SPECIFIC_MENU,MENU_NAME_AND_KEYWORD,95,true
FAST_FOOD,BURGER,버거,치즈버거,치즈버거,SPECIFIC_MENU,MENU_NAME_AND_KEYWORD,95,true
FAST_FOOD,BURGER,버거,불고기버거,불고기버거,SPECIFIC_MENU,MENU_NAME_AND_KEYWORD,95,true
FAST_FOOD,BURGER,버거,새우버거,새우버거,SPECIFIC_MENU,MENU_NAME_AND_KEYWORD,95,true
FAST_FOOD,BURGER,버거,치킨버거,치킨버거,SPECIFIC_MENU,MENU_NAME_AND_KEYWORD,95,true
FAST_FOOD,BURGER,버거,수제버거,수제버거,SPECIFIC_MENU,MENU_NAME_AND_KEYWORD,95,true
FAST_FOOD,BURGER,버거,비프버거,비프버거,SPECIFIC_MENU,MENU_NAME_AND_KEYWORD,95,true
FAST_FOOD,BURGER,버거,더블버거,더블버거,SPECIFIC_MENU,MENU_NAME_AND_KEYWORD,95,true
FAST_FOOD,BURGER,버거,베이컨버거,베이컨버거,SPECIFIC_MENU,MENU_NAME_AND_KEYWORD,95,true
FAST_FOOD,BURGER,버거,와퍼,와퍼,SPECIFIC_MENU,MENU_NAME_AND_KEYWORD,95,true
FAST_FOOD,BURGER,버거,슬라이더,슬라이더,SPECIFIC_MENU,MENU_NAME_AND_KEYWORD,95,true
FAST_FOOD,CHICKEN,치킨,치킨,치킨,SPECIFIC_MENU,MENU_NAME_AND_KEYWORD,95,true
FAST_FOOD,CHICKEN,치킨,후라이드치킨,후라이드치킨,SPECIFIC_MENU,MENU_NAME_AND_KEYWORD,95,true
FAST_FOOD,CHICKEN,치킨,양념치킨,양념치킨,SPECIFIC_MENU,MENU_NAME_AND_KEYWORD,95,true
FAST_FOOD,CHICKEN,치킨,간장치킨,간장치킨,SPECIFIC_MENU,MENU_NAME_AND_KEYWORD,95,true
FAST_FOOD,CHICKEN,치킨,마늘치킨,마늘치킨,SPECIFIC_MENU,MENU_NAME_AND_KEYWORD,95,true
FAST_FOOD,CHICKEN,치킨,매운치킨,매운치킨,SPECIFIC_MENU,MENU_NAME_AND_KEYWORD,95,true
FAST_FOOD,CHICKEN,치킨,숯불치킨,숯불치킨,SPECIFIC_MENU,MENU_NAME_AND_KEYWORD,95,true
FAST_FOOD,CHICKEN,치킨,오븐치킨,오븐치킨,SPECIFIC_MENU,MENU_NAME_AND_KEYWORD,95,true
FAST_FOOD,CHICKEN,치킨,구운치킨,구운치킨,SPECIFIC_MENU,MENU_NAME_AND_KEYWORD,95,true
FAST_FOOD,CHICKEN,치킨,순살치킨,순살치킨,SPECIFIC_MENU,MENU_NAME_AND_KEYWORD,95,true
FAST_FOOD,CHICKEN,치킨,닭강정,닭강정,SPECIFIC_MENU,MENU_NAME_AND_KEYWORD,95,true
FAST_FOOD,CHICKEN,치킨,치킨윙,치킨윙,SPECIFIC_MENU,MENU_NAME_AND_KEYWORD,95,true
FAST_FOOD,CHICKEN,치킨,치킨봉,치킨봉,SPECIFIC_MENU,MENU_NAME_AND_KEYWORD,95,true
FAST_FOOD,CHICKEN,치킨,치킨텐더,치킨텐더,SPECIFIC_MENU,MENU_NAME_AND_KEYWORD,95,true
FAST_FOOD,PIZZA_HOTDOG,피자·핫도그,피자,피자,SPECIFIC_MENU,MENU_NAME_AND_KEYWORD,95,true
FAST_FOOD,PIZZA_HOTDOG,피자·핫도그,페퍼로니피자,페퍼로니피자,SPECIFIC_MENU,MENU_NAME_AND_KEYWORD,95,true
FAST_FOOD,PIZZA_HOTDOG,피자·핫도그,치즈피자,치즈피자,SPECIFIC_MENU,MENU_NAME_AND_KEYWORD,95,true
FAST_FOOD,PIZZA_HOTDOG,피자·핫도그,포테이토피자,포테이토피자,SPECIFIC_MENU,MENU_NAME_AND_KEYWORD,95,true
FAST_FOOD,PIZZA_HOTDOG,피자·핫도그,콤비네이션피자,콤비네이션피자,SPECIFIC_MENU,MENU_NAME_AND_KEYWORD,95,true
FAST_FOOD,PIZZA_HOTDOG,피자·핫도그,조각피자,조각피자,SPECIFIC_MENU,MENU_NAME_AND_KEYWORD,95,true
FAST_FOOD,PIZZA_HOTDOG,피자·핫도그,핫도그,핫도그,SPECIFIC_MENU,MENU_NAME_AND_KEYWORD,95,true
FAST_FOOD,PIZZA_HOTDOG,피자·핫도그,콘도그,콘도그,SPECIFIC_MENU,MENU_NAME_AND_KEYWORD,95,true
FAST_FOOD,PIZZA_HOTDOG,피자·핫도그,칠리핫도그,칠리핫도그,SPECIFIC_MENU,MENU_NAME_AND_KEYWORD,95,true
FAST_FOOD,PIZZA_HOTDOG,피자·핫도그,소시지빵,소시지빵,SPECIFIC_MENU,MENU_NAME_AND_KEYWORD,95,true
FAST_FOOD,SANDWICH_LIGHT_MEAL,샌드위치·간편식,샌드위치,샌드위치,SPECIFIC_MENU,MENU_NAME_AND_KEYWORD,95,true
FAST_FOOD,SANDWICH_LIGHT_MEAL,샌드위치·간편식,서브샌드위치,서브샌드위치,SPECIFIC_MENU,MENU_NAME_AND_KEYWORD,95,true
FAST_FOOD,SANDWICH_LIGHT_MEAL,샌드위치·간편식,토스트,토스트,SPECIFIC_MENU,MENU_NAME_AND_KEYWORD,95,true
FAST_FOOD,SANDWICH_LIGHT_MEAL,샌드위치·간편식,파니니,파니니,SPECIFIC_MENU,MENU_NAME_AND_KEYWORD,95,true
FAST_FOOD,SANDWICH_LIGHT_MEAL,샌드위치·간편식,랩,랩,SPECIFIC_MENU,MENU_NAME_AND_KEYWORD,95,true
FAST_FOOD,SANDWICH_LIGHT_MEAL,샌드위치·간편식,치킨랩,치킨랩,SPECIFIC_MENU,MENU_NAME_AND_KEYWORD,95,true
FAST_FOOD,SANDWICH_LIGHT_MEAL,샌드위치·간편식,브리또,브리또,SPECIFIC_MENU,MENU_NAME_AND_KEYWORD,95,true
FAST_FOOD,SANDWICH_LIGHT_MEAL,샌드위치·간편식,타코,타코,SPECIFIC_MENU,MENU_NAME_AND_KEYWORD,95,true
FAST_FOOD,SANDWICH_LIGHT_MEAL,샌드위치·간편식,퀘사디아,퀘사디아,SPECIFIC_MENU,MENU_NAME_AND_KEYWORD,95,true
FAST_FOOD,SANDWICH_LIGHT_MEAL,샌드위치·간편식,감자튀김,감자튀김,SPECIFIC_MENU,MENU_NAME_AND_KEYWORD,95,true
FAST_FOOD,SANDWICH_LIGHT_MEAL,샌드위치·간편식,프렌치프라이,프렌치프라이,SPECIFIC_MENU,MENU_NAME_AND_KEYWORD,95,true
FAST_FOOD,SANDWICH_LIGHT_MEAL,샌드위치·간편식,웨지감자,웨지감자,SPECIFIC_MENU,MENU_NAME_AND_KEYWORD,95,true
FAST_FOOD,SANDWICH_LIGHT_MEAL,샌드위치·간편식,치즈스틱,치즈스틱,SPECIFIC_MENU,MENU_NAME_AND_KEYWORD,95,true
FAST_FOOD,SANDWICH_LIGHT_MEAL,샌드위치·간편식,어니언링,어니언링,SPECIFIC_MENU,MENU_NAME_AND_KEYWORD,95,true
FAST_FOOD,SANDWICH_LIGHT_MEAL,샌드위치·간편식,너겟,너겟,SPECIFIC_MENU,MENU_NAME_AND_KEYWORD,95,true
FAST_FOOD,SANDWICH_LIGHT_MEAL,샌드위치·간편식,나초,나초,SPECIFIC_MENU,MENU_NAME_AND_KEYWORD,95,true
FAST_FOOD,CATEGORY_AUXILIARY,카테고리 보조,빠른 식사,빠른 식사,CATEGORY_AUX,RESTAURANT_TAG_AND_KEYWORD,55,true
FAST_FOOD,CATEGORY_AUXILIARY,카테고리 보조,테이크아웃,테이크아웃,CATEGORY_AUX,RESTAURANT_TAG_AND_KEYWORD,55,true
FAST_FOOD,CATEGORY_AUXILIARY,카테고리 보조,포장,포장,CATEGORY_AUX,RESTAURANT_TAG_AND_KEYWORD,55,true
FAST_FOOD,CATEGORY_AUXILIARY,카테고리 보조,간편식,간편식,CATEGORY_AUX,RESTAURANT_TAG_AND_KEYWORD,55,true
FAST_FOOD,CATEGORY_AUXILIARY,카테고리 보조,한 끼,한 끼,CATEGORY_AUX,RESTAURANT_TAG_AND_KEYWORD,55,true
FAST_FOOD,CATEGORY_AUXILIARY,카테고리 보조,세트메뉴,세트메뉴,CATEGORY_AUX,RESTAURANT_TAG_AND_KEYWORD,55,true
FAST_FOOD,CATEGORY_AUXILIARY,카테고리 보조,배달음식,배달음식,CATEGORY_AUX,RESTAURANT_TAG_AND_KEYWORD,55,true
FAST_FOOD,CATEGORY_AUXILIARY,카테고리 보조,야식,야식,CATEGORY_AUX,RESTAURANT_TAG_AND_KEYWORD,55,true
FAST_FOOD,CATEGORY_AUXILIARY,카테고리 보조,고칼로리,고칼로리,CATEGORY_AUX,RESTAURANT_TAG_AND_KEYWORD,55,true
FAST_FOOD,CATEGORY_AUXILIARY,카테고리 보조,패스트푸드점,패스트푸드점,CATEGORY_AUX,RESTAURANT_TAG_AND_KEYWORD,55,true
ASIAN,VIETNAMESE,베트남,쌀국수,쌀국수,SPECIFIC_MENU,MENU_NAME_AND_KEYWORD,95,true
ASIAN,VIETNAMESE,베트남,소고기쌀국수,소고기쌀국수,SPECIFIC_MENU,MENU_NAME_AND_KEYWORD,95,true
ASIAN,VIETNAMESE,베트남,닭고기쌀국수,닭고기쌀국수,SPECIFIC_MENU,MENU_NAME_AND_KEYWORD,95,true
ASIAN,VIETNAMESE,베트남,해산물쌀국수,해산물쌀국수,SPECIFIC_MENU,MENU_NAME_AND_KEYWORD,95,true
ASIAN,VIETNAMESE,베트남,분짜,분짜,SPECIFIC_MENU,MENU_NAME_AND_KEYWORD,95,true
ASIAN,VIETNAMESE,베트남,분보후에,분보후에,SPECIFIC_MENU,MENU_NAME_AND_KEYWORD,95,true
ASIAN,VIETNAMESE,베트남,반미,반미,SPECIFIC_MENU,MENU_NAME_AND_KEYWORD,95,true
ASIAN,VIETNAMESE,베트남,월남쌈,월남쌈,SPECIFIC_MENU,MENU_NAME_AND_KEYWORD,95,true
ASIAN,VIETNAMESE,베트남,짜조,짜조,SPECIFIC_MENU,MENU_NAME_AND_KEYWORD,95,true
ASIAN,VIETNAMESE,베트남,반쎄오,반쎄오,SPECIFIC_MENU,MENU_NAME_AND_KEYWORD,95,true
ASIAN,VIETNAMESE,베트남,껌승,껌승,SPECIFIC_MENU,MENU_NAME_AND_KEYWORD,95,true
ASIAN,VIETNAMESE,베트남,베트남볶음밥,베트남볶음밥,SPECIFIC_MENU,MENU_NAME_AND_KEYWORD,95,true
ASIAN,THAI,태국,팟타이,팟타이,SPECIFIC_MENU,MENU_NAME_AND_KEYWORD,95,true
ASIAN,THAI,태국,똠얌꿍,똠얌꿍,SPECIFIC_MENU,MENU_NAME_AND_KEYWORD,95,true
ASIAN,THAI,태국,똠얌쌀국수,똠얌쌀국수,SPECIFIC_MENU,MENU_NAME_AND_KEYWORD,95,true
ASIAN,THAI,태국,푸팟퐁커리,푸팟퐁커리,SPECIFIC_MENU,MENU_NAME_AND_KEYWORD,95,true
ASIAN,THAI,태국,카오팟,카오팟,SPECIFIC_MENU,MENU_NAME_AND_KEYWORD,95,true
ASIAN,THAI,태국,카오만가이,카오만가이,SPECIFIC_MENU,MENU_NAME_AND_KEYWORD,95,true
ASIAN,THAI,태국,팟카파오무쌉,팟카파오무쌉,SPECIFIC_MENU,MENU_NAME_AND_KEYWORD,95,true
ASIAN,THAI,태국,그린커리,그린커리,SPECIFIC_MENU,MENU_NAME_AND_KEYWORD,95,true
ASIAN,THAI,태국,레드커리,레드커리,SPECIFIC_MENU,MENU_NAME_AND_KEYWORD,95,true
ASIAN,THAI,태국,옐로커리,옐로커리,SPECIFIC_MENU,MENU_NAME_AND_KEYWORD,95,true
ASIAN,THAI,태국,쏨땀,쏨땀,SPECIFIC_MENU,MENU_NAME_AND_KEYWORD,95,true
ASIAN,THAI,태국,태국식볶음밥,태국식볶음밥,SPECIFIC_MENU,MENU_NAME_AND_KEYWORD,95,true
ASIAN,THAI,태국,태국식샐러드,태국식샐러드,SPECIFIC_MENU,MENU_NAME_AND_KEYWORD,95,true
ASIAN,INDIAN_NEPALI,인도·네팔,커리,커리,SPECIFIC_MENU,MENU_NAME_AND_KEYWORD,95,true
ASIAN,INDIAN_NEPALI,인도·네팔,인도커리,인도커리,SPECIFIC_MENU,MENU_NAME_AND_KEYWORD,95,true
ASIAN,INDIAN_NEPALI,인도·네팔,치킨커리,치킨커리,SPECIFIC_MENU,MENU_NAME_AND_KEYWORD,95,true
ASIAN,INDIAN_NEPALI,인도·네팔,버터치킨,버터치킨,SPECIFIC_MENU,MENU_NAME_AND_KEYWORD,95,true
ASIAN,INDIAN_NEPALI,인도·네팔,마살라,마살라,SPECIFIC_MENU,MENU_NAME_AND_KEYWORD,95,true
ASIAN,INDIAN_NEPALI,인도·네팔,치킨티카마살라,치킨티카마살라,SPECIFIC_MENU,MENU_NAME_AND_KEYWORD,95,true
ASIAN,INDIAN_NEPALI,인도·네팔,팔락파니르,팔락파니르,SPECIFIC_MENU,MENU_NAME_AND_KEYWORD,95,true
ASIAN,INDIAN_NEPALI,인도·네팔,난,난,SPECIFIC_MENU,MENU_NAME_AND_KEYWORD,95,true
ASIAN,INDIAN_NEPALI,인도·네팔,갈릭난,갈릭난,SPECIFIC_MENU,MENU_NAME_AND_KEYWORD,95,true
ASIAN,INDIAN_NEPALI,인도·네팔,플레인난,플레인난,SPECIFIC_MENU,MENU_NAME_AND_KEYWORD,95,true
ASIAN,INDIAN_NEPALI,인도·네팔,탄두리치킨,탄두리치킨,SPECIFIC_MENU,MENU_NAME_AND_KEYWORD,95,true
ASIAN,INDIAN_NEPALI,인도·네팔,비리야니,비리야니,SPECIFIC_MENU,MENU_NAME_AND_KEYWORD,95,true
ASIAN,INDIAN_NEPALI,인도·네팔,사모사,사모사,SPECIFIC_MENU,MENU_NAME_AND_KEYWORD,95,true
ASIAN,INDIAN_NEPALI,인도·네팔,라씨,라씨,SPECIFIC_MENU,MENU_NAME_AND_KEYWORD,95,true
ASIAN,INDIAN_NEPALI,인도·네팔,달,달,SPECIFIC_MENU,MENU_NAME_AND_KEYWORD,95,true
ASIAN,INDONESIAN_MALAYSIAN,인도네시아·말레이시아,나시고렝,나시고렝,SPECIFIC_MENU,MENU_NAME_AND_KEYWORD,95,true
ASIAN,INDONESIAN_MALAYSIAN,인도네시아·말레이시아,미고렝,미고렝,SPECIFIC_MENU,MENU_NAME_AND_KEYWORD,95,true
ASIAN,INDONESIAN_MALAYSIAN,인도네시아·말레이시아,사테,사테,SPECIFIC_MENU,MENU_NAME_AND_KEYWORD,95,true
ASIAN,INDONESIAN_MALAYSIAN,인도네시아·말레이시아,렌당,렌당,SPECIFIC_MENU,MENU_NAME_AND_KEYWORD,95,true
ASIAN,INDONESIAN_MALAYSIAN,인도네시아·말레이시아,락사,락사,SPECIFIC_MENU,MENU_NAME_AND_KEYWORD,95,true
ASIAN,INDONESIAN_MALAYSIAN,인도네시아·말레이시아,바쿠테,바쿠테,SPECIFIC_MENU,MENU_NAME_AND_KEYWORD,95,true
ASIAN,INDONESIAN_MALAYSIAN,인도네시아·말레이시아,나시르막,나시르막,SPECIFIC_MENU,MENU_NAME_AND_KEYWORD,95,true
ASIAN,INDONESIAN_MALAYSIAN,인도네시아·말레이시아,치킨라이스,치킨라이스,SPECIFIC_MENU,MENU_NAME_AND_KEYWORD,95,true
ASIAN,INDONESIAN_MALAYSIAN,인도네시아·말레이시아,삼발,삼발,SPECIFIC_MENU,MENU_NAME_AND_KEYWORD,95,true
ASIAN,OTHER_ASIAN,기타 아시아,싱가포르음식,싱가포르음식,SPECIFIC_MENU,MENU_NAME_AND_KEYWORD,95,true
ASIAN,OTHER_ASIAN,기타 아시아,대만음식,대만음식,SPECIFIC_MENU,MENU_NAME_AND_KEYWORD,95,true
ASIAN,OTHER_ASIAN,기타 아시아,대만우육면,대만우육면,SPECIFIC_MENU,MENU_NAME_AND_KEYWORD,95,true
ASIAN,OTHER_ASIAN,기타 아시아,딤섬,딤섬,SPECIFIC_MENU,MENU_NAME_AND_KEYWORD,95,true
ASIAN,OTHER_ASIAN,기타 아시아,몽골음식,몽골음식,SPECIFIC_MENU,MENU_NAME_AND_KEYWORD,95,true
ASIAN,OTHER_ASIAN,기타 아시아,필리핀음식,필리핀음식,SPECIFIC_MENU,MENU_NAME_AND_KEYWORD,95,true
ASIAN,OTHER_ASIAN,기타 아시아,중동음식,중동음식,SPECIFIC_MENU,MENU_NAME_AND_KEYWORD,95,true
ASIAN,OTHER_ASIAN,기타 아시아,케밥,케밥,SPECIFIC_MENU,MENU_NAME_AND_KEYWORD,95,true
ASIAN,OTHER_ASIAN,기타 아시아,팔라펠,팔라펠,SPECIFIC_MENU,MENU_NAME_AND_KEYWORD,95,true
ASIAN,OTHER_ASIAN,기타 아시아,후무스,후무스,SPECIFIC_MENU,MENU_NAME_AND_KEYWORD,95,true
ASIAN,OTHER_ASIAN,기타 아시아,샥슈카,샥슈카,SPECIFIC_MENU,MENU_NAME_AND_KEYWORD,95,true
ASIAN,CATEGORY_AUXILIARY,카테고리 보조,동남아음식,동남아음식,CATEGORY_AUX,RESTAURANT_TAG_AND_KEYWORD,55,true
ASIAN,CATEGORY_AUXILIARY,카테고리 보조,에스닉푸드,에스닉푸드,CATEGORY_AUX,RESTAURANT_TAG_AND_KEYWORD,55,true
ASIAN,CATEGORY_AUXILIARY,카테고리 보조,향신료,향신료,CATEGORY_AUX,RESTAURANT_TAG_AND_KEYWORD,55,true
ASIAN,CATEGORY_AUXILIARY,카테고리 보조,고수,고수,CATEGORY_AUX,RESTAURANT_TAG_AND_KEYWORD,55,true
ASIAN,CATEGORY_AUXILIARY,카테고리 보조,커리,커리,CATEGORY_AUX,RESTAURANT_TAG_AND_KEYWORD,55,true
ASIAN,CATEGORY_AUXILIARY,카테고리 보조,매운 향신료,매운 향신료,CATEGORY_AUX,RESTAURANT_TAG_AND_KEYWORD,55,true
ASIAN,CATEGORY_AUXILIARY,카테고리 보조,이국적인,이국적인,CATEGORY_AUX,RESTAURANT_TAG_AND_KEYWORD,55,true
ASIAN,CATEGORY_AUXILIARY,카테고리 보조,할랄,할랄,CATEGORY_AUX,RESTAURANT_TAG_AND_KEYWORD,55,true
ASIAN,CATEGORY_AUXILIARY,카테고리 보조,코코넛밀크,코코넛밀크,CATEGORY_AUX,RESTAURANT_TAG_AND_KEYWORD,55,true
ASIAN,CATEGORY_AUXILIARY,카테고리 보조,라이스누들,라이스누들,CATEGORY_AUX,RESTAURANT_TAG_AND_KEYWORD,55,true
BAR,ALCOHOLIC_BEVERAGE,주류,소주,소주,SPECIFIC_MENU,MENU_NAME_AND_KEYWORD,95,true
BAR,ALCOHOLIC_BEVERAGE,주류,맥주,맥주,SPECIFIC_MENU,MENU_NAME_AND_KEYWORD,95,true
BAR,ALCOHOLIC_BEVERAGE,주류,생맥주,생맥주,SPECIFIC_MENU,MENU_NAME_AND_KEYWORD,95,true
BAR,ALCOHOLIC_BEVERAGE,주류,수제맥주,수제맥주,SPECIFIC_MENU,MENU_NAME_AND_KEYWORD,95,true
BAR,ALCOHOLIC_BEVERAGE,주류,병맥주,병맥주,SPECIFIC_MENU,MENU_NAME_AND_KEYWORD,95,true
BAR,ALCOHOLIC_BEVERAGE,주류,와인,와인,SPECIFIC_MENU,MENU_NAME_AND_KEYWORD,95,true
BAR,ALCOHOLIC_BEVERAGE,주류,레드와인,레드와인,SPECIFIC_MENU,MENU_NAME_AND_KEYWORD,95,true
BAR,ALCOHOLIC_BEVERAGE,주류,화이트와인,화이트와인,SPECIFIC_MENU,MENU_NAME_AND_KEYWORD,95,true
BAR,ALCOHOLIC_BEVERAGE,주류,스파클링와인,스파클링와인,SPECIFIC_MENU,MENU_NAME_AND_KEYWORD,95,true
BAR,ALCOHOLIC_BEVERAGE,주류,막걸리,막걸리,SPECIFIC_MENU,MENU_NAME_AND_KEYWORD,95,true
BAR,ALCOHOLIC_BEVERAGE,주류,전통주,전통주,SPECIFIC_MENU,MENU_NAME_AND_KEYWORD,95,true
BAR,ALCOHOLIC_BEVERAGE,주류,하이볼,하이볼,SPECIFIC_MENU,MENU_NAME_AND_KEYWORD,95,true
BAR,ALCOHOLIC_BEVERAGE,주류,위스키,위스키,SPECIFIC_MENU,MENU_NAME_AND_KEYWORD,95,true
BAR,ALCOHOLIC_BEVERAGE,주류,칵테일,칵테일,SPECIFIC_MENU,MENU_NAME_AND_KEYWORD,95,true
BAR,ALCOHOLIC_BEVERAGE,주류,사케,사케,SPECIFIC_MENU,MENU_NAME_AND_KEYWORD,95,true
BAR,ALCOHOLIC_BEVERAGE,주류,청주,청주,SPECIFIC_MENU,MENU_NAME_AND_KEYWORD,95,true
BAR,ALCOHOLIC_BEVERAGE,주류,매실주,매실주,SPECIFIC_MENU,MENU_NAME_AND_KEYWORD,95,true
BAR,ALCOHOLIC_BEVERAGE,주류,고량주,고량주,SPECIFIC_MENU,MENU_NAME_AND_KEYWORD,95,true
BAR,ALCOHOLIC_BEVERAGE,주류,양주,양주,SPECIFIC_MENU,MENU_NAME_AND_KEYWORD,95,true
BAR,ALCOHOLIC_BEVERAGE,주류,무알코올맥주,무알코올맥주,SPECIFIC_MENU,MENU_NAME_AND_KEYWORD,95,true
BAR,ALCOHOLIC_BEVERAGE,주류,논알코올칵테일,논알코올칵테일,SPECIFIC_MENU,MENU_NAME_AND_KEYWORD,95,true
BAR,SOUP_SIDE_DISH,국물 안주,어묵탕,어묵탕,SPECIFIC_MENU,MENU_NAME_AND_KEYWORD,95,true
BAR,SOUP_SIDE_DISH,국물 안주,오뎅탕,오뎅탕,SPECIFIC_MENU,MENU_NAME_AND_KEYWORD,95,true
BAR,SOUP_SIDE_DISH,국물 안주,김치찌개,김치찌개,SPECIFIC_MENU,MENU_NAME_AND_KEYWORD,95,true
BAR,SOUP_SIDE_DISH,국물 안주,부대찌개,부대찌개,SPECIFIC_MENU,MENU_NAME_AND_KEYWORD,95,true
BAR,SOUP_SIDE_DISH,국물 안주,조개탕,조개탕,SPECIFIC_MENU,MENU_NAME_AND_KEYWORD,95,true
BAR,SOUP_SIDE_DISH,국물 안주,홍합탕,홍합탕,SPECIFIC_MENU,MENU_NAME_AND_KEYWORD,95,true
BAR,SOUP_SIDE_DISH,국물 안주,나가사키짬뽕,나가사키짬뽕,SPECIFIC_MENU,MENU_NAME_AND_KEYWORD,95,true
BAR,SOUP_SIDE_DISH,국물 안주,짬뽕탕,짬뽕탕,SPECIFIC_MENU,MENU_NAME_AND_KEYWORD,95,true
BAR,SOUP_SIDE_DISH,국물 안주,해물탕,해물탕,SPECIFIC_MENU,MENU_NAME_AND_KEYWORD,95,true
BAR,SOUP_SIDE_DISH,국물 안주,알탕,알탕,SPECIFIC_MENU,MENU_NAME_AND_KEYWORD,95,true
BAR,SOUP_SIDE_DISH,국물 안주,매운탕,매운탕,SPECIFIC_MENU,MENU_NAME_AND_KEYWORD,95,true
BAR,SOUP_SIDE_DISH,국물 안주,닭볶음탕,닭볶음탕,SPECIFIC_MENU,MENU_NAME_AND_KEYWORD,95,true
BAR,SOUP_SIDE_DISH,국물 안주,곱창전골,곱창전골,SPECIFIC_MENU,MENU_NAME_AND_KEYWORD,95,true
BAR,SOUP_SIDE_DISH,국물 안주,모츠나베,모츠나베,SPECIFIC_MENU,MENU_NAME_AND_KEYWORD,95,true
BAR,SOUP_SIDE_DISH,국물 안주,부대전골,부대전골,SPECIFIC_MENU,MENU_NAME_AND_KEYWORD,95,true
BAR,SOUP_SIDE_DISH,국물 안주,마라탕,마라탕,SPECIFIC_MENU,MENU_NAME_AND_KEYWORD,95,true
BAR,GRILLED_MEAT_SIDE,구이·고기 안주,닭꼬치,닭꼬치,SPECIFIC_MENU,MENU_NAME_AND_KEYWORD,95,true
BAR,GRILLED_MEAT_SIDE,구이·고기 안주,야키토리,야키토리,SPECIFIC_MENU,MENU_NAME_AND_KEYWORD,95,true
BAR,GRILLED_MEAT_SIDE,구이·고기 안주,양꼬치,양꼬치,SPECIFIC_MENU,MENU_NAME_AND_KEYWORD,95,true
BAR,GRILLED_MEAT_SIDE,구이·고기 안주,소시지,소시지,SPECIFIC_MENU,MENU_NAME_AND_KEYWORD,95,true
BAR,GRILLED_MEAT_SIDE,구이·고기 안주,먹태,먹태,SPECIFIC_MENU,MENU_NAME_AND_KEYWORD,95,true
BAR,GRILLED_MEAT_SIDE,구이·고기 안주,노가리,노가리,SPECIFIC_MENU,MENU_NAME_AND_KEYWORD,95,true
BAR,GRILLED_MEAT_SIDE,구이·고기 안주,황태구이,황태구이,SPECIFIC_MENU,MENU_NAME_AND_KEYWORD,95,true
BAR,GRILLED_MEAT_SIDE,구이·고기 안주,오징어구이,오징어구이,SPECIFIC_MENU,MENU_NAME_AND_KEYWORD,95,true
BAR,GRILLED_MEAT_SIDE,구이·고기 안주,삼겹살,삼겹살,SPECIFIC_MENU,MENU_NAME_AND_KEYWORD,95,true
BAR,GRILLED_MEAT_SIDE,구이·고기 안주,곱창,곱창,SPECIFIC_MENU,MENU_NAME_AND_KEYWORD,95,true
BAR,GRILLED_MEAT_SIDE,구이·고기 안주,막창,막창,SPECIFIC_MENU,MENU_NAME_AND_KEYWORD,95,true
BAR,GRILLED_MEAT_SIDE,구이·고기 안주,대창,대창,SPECIFIC_MENU,MENU_NAME_AND_KEYWORD,95,true
BAR,GRILLED_MEAT_SIDE,구이·고기 안주,불고기,불고기,SPECIFIC_MENU,MENU_NAME_AND_KEYWORD,95,true
BAR,GRILLED_MEAT_SIDE,구이·고기 안주,족발,족발,SPECIFIC_MENU,MENU_NAME_AND_KEYWORD,95,true
BAR,GRILLED_MEAT_SIDE,구이·고기 안주,보쌈,보쌈,SPECIFIC_MENU,MENU_NAME_AND_KEYWORD,95,true
BAR,GRILLED_MEAT_SIDE,구이·고기 안주,수육,수육,SPECIFIC_MENU,MENU_NAME_AND_KEYWORD,95,true
BAR,GRILLED_MEAT_SIDE,구이·고기 안주,육회,육회,SPECIFIC_MENU,MENU_NAME_AND_KEYWORD,95,true
BAR,GRILLED_MEAT_SIDE,구이·고기 안주,스테이크,스테이크,SPECIFIC_MENU,MENU_NAME_AND_KEYWORD,95,true
BAR,GRILLED_MEAT_SIDE,구이·고기 안주,바비큐,바비큐,SPECIFIC_MENU,MENU_NAME_AND_KEYWORD,95,true
BAR,FRIED_LIGHT_SIDE,튀김·간단 안주,감자튀김,감자튀김,SPECIFIC_MENU,MENU_NAME_AND_KEYWORD,95,true
BAR,FRIED_LIGHT_SIDE,튀김·간단 안주,치킨,치킨,SPECIFIC_MENU,MENU_NAME_AND_KEYWORD,95,true
BAR,FRIED_LIGHT_SIDE,튀김·간단 안주,닭강정,닭강정,SPECIFIC_MENU,MENU_NAME_AND_KEYWORD,95,true
BAR,FRIED_LIGHT_SIDE,튀김·간단 안주,가라아게,가라아게,SPECIFIC_MENU,MENU_NAME_AND_KEYWORD,95,true
BAR,FRIED_LIGHT_SIDE,튀김·간단 안주,돈가스,돈가스,SPECIFIC_MENU,MENU_NAME_AND_KEYWORD,95,true
BAR,FRIED_LIGHT_SIDE,튀김·간단 안주,새우튀김,새우튀김,SPECIFIC_MENU,MENU_NAME_AND_KEYWORD,95,true
BAR,FRIED_LIGHT_SIDE,튀김·간단 안주,오징어튀김,오징어튀김,SPECIFIC_MENU,MENU_NAME_AND_KEYWORD,95,true
BAR,FRIED_LIGHT_SIDE,튀김·간단 안주,모둠튀김,모둠튀김,SPECIFIC_MENU,MENU_NAME_AND_KEYWORD,95,true
BAR,FRIED_LIGHT_SIDE,튀김·간단 안주,치즈스틱,치즈스틱,SPECIFIC_MENU,MENU_NAME_AND_KEYWORD,95,true
BAR,FRIED_LIGHT_SIDE,튀김·간단 안주,나초,나초,SPECIFIC_MENU,MENU_NAME_AND_KEYWORD,95,true
BAR,FRIED_LIGHT_SIDE,튀김·간단 안주,마른안주,마른안주,SPECIFIC_MENU,MENU_NAME_AND_KEYWORD,95,true
BAR,FRIED_LIGHT_SIDE,튀김·간단 안주,과일안주,과일안주,SPECIFIC_MENU,MENU_NAME_AND_KEYWORD,95,true
BAR,FRIED_LIGHT_SIDE,튀김·간단 안주,치즈플래터,치즈플래터,SPECIFIC_MENU,MENU_NAME_AND_KEYWORD,95,true
BAR,FRIED_LIGHT_SIDE,튀김·간단 안주,피자,피자,SPECIFIC_MENU,MENU_NAME_AND_KEYWORD,95,true
BAR,FRIED_LIGHT_SIDE,튀김·간단 안주,타코야키,타코야키,SPECIFIC_MENU,MENU_NAME_AND_KEYWORD,95,true
BAR,SASHIMI_SEAFOOD_SIDE,회·해산물 안주,회,회,SPECIFIC_MENU,MENU_NAME_AND_KEYWORD,95,true
BAR,SASHIMI_SEAFOOD_SIDE,회·해산물 안주,사시미,사시미,SPECIFIC_MENU,MENU_NAME_AND_KEYWORD,95,true
BAR,SASHIMI_SEAFOOD_SIDE,회·해산물 안주,연어회,연어회,SPECIFIC_MENU,MENU_NAME_AND_KEYWORD,95,true
BAR,SASHIMI_SEAFOOD_SIDE,회·해산물 안주,참치회,참치회,SPECIFIC_MENU,MENU_NAME_AND_KEYWORD,95,true
BAR,SASHIMI_SEAFOOD_SIDE,회·해산물 안주,광어회,광어회,SPECIFIC_MENU,MENU_NAME_AND_KEYWORD,95,true
BAR,SASHIMI_SEAFOOD_SIDE,회·해산물 안주,물회,물회,SPECIFIC_MENU,MENU_NAME_AND_KEYWORD,95,true
BAR,SASHIMI_SEAFOOD_SIDE,회·해산물 안주,해산물모둠,해산물모둠,SPECIFIC_MENU,MENU_NAME_AND_KEYWORD,95,true
BAR,SASHIMI_SEAFOOD_SIDE,회·해산물 안주,문어숙회,문어숙회,SPECIFIC_MENU,MENU_NAME_AND_KEYWORD,95,true
BAR,SASHIMI_SEAFOOD_SIDE,회·해산물 안주,골뱅이무침,골뱅이무침,SPECIFIC_MENU,MENU_NAME_AND_KEYWORD,95,true
BAR,SASHIMI_SEAFOOD_SIDE,회·해산물 안주,오징어회,오징어회,SPECIFIC_MENU,MENU_NAME_AND_KEYWORD,95,true
BAR,SASHIMI_SEAFOOD_SIDE,회·해산물 안주,산낙지,산낙지,SPECIFIC_MENU,MENU_NAME_AND_KEYWORD,95,true
BAR,SASHIMI_SEAFOOD_SIDE,회·해산물 안주,조개구이,조개구이,SPECIFIC_MENU,MENU_NAME_AND_KEYWORD,95,true
BAR,SASHIMI_SEAFOOD_SIDE,회·해산물 안주,새우구이,새우구이,SPECIFIC_MENU,MENU_NAME_AND_KEYWORD,95,true
BAR,CATEGORY_AUXILIARY,카테고리 보조,술안주,술안주,CATEGORY_AUX,RESTAURANT_TAG_AND_KEYWORD,55,true
BAR,CATEGORY_AUXILIARY,카테고리 보조,안주,안주,CATEGORY_AUX,RESTAURANT_TAG_AND_KEYWORD,55,true
BAR,CATEGORY_AUXILIARY,카테고리 보조,포차,포차,CATEGORY_AUX,RESTAURANT_TAG_AND_KEYWORD,55,true
BAR,CATEGORY_AUXILIARY,카테고리 보조,포장마차,포장마차,CATEGORY_AUX,RESTAURANT_TAG_AND_KEYWORD,55,true
BAR,CATEGORY_AUXILIARY,카테고리 보조,호프,호프,CATEGORY_AUX,RESTAURANT_TAG_AND_KEYWORD,55,true
BAR,CATEGORY_AUXILIARY,카테고리 보조,펍,펍,CATEGORY_AUX,RESTAURANT_TAG_AND_KEYWORD,55,true
BAR,CATEGORY_AUXILIARY,카테고리 보조,바,바,CATEGORY_AUX,RESTAURANT_TAG_AND_KEYWORD,55,true
BAR,CATEGORY_AUXILIARY,카테고리 보조,와인바,와인바,CATEGORY_AUX,RESTAURANT_TAG_AND_KEYWORD,55,true
BAR,CATEGORY_AUXILIARY,카테고리 보조,칵테일바,칵테일바,CATEGORY_AUX,RESTAURANT_TAG_AND_KEYWORD,55,true
BAR,CATEGORY_AUXILIARY,카테고리 보조,이자카야,이자카야,CATEGORY_AUX,RESTAURANT_TAG_AND_KEYWORD,55,true
BAR,CATEGORY_AUXILIARY,카테고리 보조,전통주점,전통주점,CATEGORY_AUX,RESTAURANT_TAG_AND_KEYWORD,55,true
BAR,CATEGORY_AUXILIARY,카테고리 보조,막걸리집,막걸리집,CATEGORY_AUX,RESTAURANT_TAG_AND_KEYWORD,55,true
BAR,CATEGORY_AUXILIARY,카테고리 보조,야식,야식,CATEGORY_AUX,RESTAURANT_TAG_AND_KEYWORD,55,true
BAR,CATEGORY_AUXILIARY,카테고리 보조,2차,2차,CATEGORY_AUX,RESTAURANT_TAG_AND_KEYWORD,55,true
BAR,CATEGORY_AUXILIARY,카테고리 보조,회식,회식,CATEGORY_AUX,RESTAURANT_TAG_AND_KEYWORD,55,true
BUFFET,BUFFET_SERVICE_TYPE,운영 방식·종류,한식뷔페,한식뷔페,SPECIFIC_MENU,MENU_NAME_AND_KEYWORD,95,true
BUFFET,BUFFET_SERVICE_TYPE,운영 방식·종류,고기뷔페,고기뷔페,SPECIFIC_MENU,MENU_NAME_AND_KEYWORD,95,true
BUFFET,BUFFET_SERVICE_TYPE,운영 방식·종류,무한리필,무한리필,SPECIFIC_MENU,MENU_NAME_AND_KEYWORD,95,true
BUFFET,BUFFET_SERVICE_TYPE,운영 방식·종류,샐러드바,샐러드바,SPECIFIC_MENU,MENU_NAME_AND_KEYWORD,95,true
BUFFET,BUFFET_SERVICE_TYPE,운영 방식·종류,호텔뷔페,호텔뷔페,SPECIFIC_MENU,MENU_NAME_AND_KEYWORD,95,true
BUFFET,BUFFET_SERVICE_TYPE,운영 방식·종류,해산물뷔페,해산물뷔페,SPECIFIC_MENU,MENU_NAME_AND_KEYWORD,95,true
BUFFET,BUFFET_SERVICE_TYPE,운영 방식·종류,초밥뷔페,초밥뷔페,SPECIFIC_MENU,MENU_NAME_AND_KEYWORD,95,true
BUFFET,BUFFET_SERVICE_TYPE,운영 방식·종류,스시뷔페,스시뷔페,SPECIFIC_MENU,MENU_NAME_AND_KEYWORD,95,true
BUFFET,BUFFET_SERVICE_TYPE,운영 방식·종류,샤브샤브뷔페,샤브샤브뷔페,SPECIFIC_MENU,MENU_NAME_AND_KEYWORD,95,true
BUFFET,BUFFET_SERVICE_TYPE,운영 방식·종류,월남쌈뷔페,월남쌈뷔페,SPECIFIC_MENU,MENU_NAME_AND_KEYWORD,95,true
BUFFET,BUFFET_SERVICE_TYPE,운영 방식·종류,디저트뷔페,디저트뷔페,SPECIFIC_MENU,MENU_NAME_AND_KEYWORD,95,true
BUFFET,BUFFET_SERVICE_TYPE,운영 방식·종류,브런치뷔페,브런치뷔페,SPECIFIC_MENU,MENU_NAME_AND_KEYWORD,95,true
BUFFET,BUFFET_SERVICE_TYPE,운영 방식·종류,베이커리뷔페,베이커리뷔페,SPECIFIC_MENU,MENU_NAME_AND_KEYWORD,95,true
BUFFET,BUFFET_SERVICE_TYPE,운영 방식·종류,중식뷔페,중식뷔페,SPECIFIC_MENU,MENU_NAME_AND_KEYWORD,95,true
BUFFET,BUFFET_SERVICE_TYPE,운영 방식·종류,양식뷔페,양식뷔페,SPECIFIC_MENU,MENU_NAME_AND_KEYWORD,95,true
BUFFET,BUFFET_SERVICE_TYPE,운영 방식·종류,BBQ뷔페,BBQ뷔페,SPECIFIC_MENU,MENU_NAME_AND_KEYWORD,95,true
BUFFET,BUFFET_SERVICE_TYPE,운영 방식·종류,바비큐뷔페,바비큐뷔페,SPECIFIC_MENU,MENU_NAME_AND_KEYWORD,95,true
BUFFET,BUFFET_SERVICE_TYPE,운영 방식·종류,피자뷔페,피자뷔페,SPECIFIC_MENU,MENU_NAME_AND_KEYWORD,95,true
BUFFET,BUFFET_SERVICE_TYPE,운영 방식·종류,치킨뷔페,치킨뷔페,SPECIFIC_MENU,MENU_NAME_AND_KEYWORD,95,true
BUFFET,BUFFET_SERVICE_TYPE,운영 방식·종류,떡볶이뷔페,떡볶이뷔페,SPECIFIC_MENU,MENU_NAME_AND_KEYWORD,95,true
BUFFET,BUFFET_SERVICE_TYPE,운영 방식·종류,훠궈무한리필,훠궈무한리필,SPECIFIC_MENU,MENU_NAME_AND_KEYWORD,95,true
BUFFET,BUFFET_SERVICE_TYPE,운영 방식·종류,마라무한리필,마라무한리필,SPECIFIC_MENU,MENU_NAME_AND_KEYWORD,95,true
BUFFET,BUFFET_SERVICE_TYPE,운영 방식·종류,셀프바,셀프바,SPECIFIC_MENU,MENU_NAME_AND_KEYWORD,95,true
BUFFET,BUFFET_SERVICE_TYPE,운영 방식·종류,무제한,무제한,SPECIFIC_MENU,MENU_NAME_AND_KEYWORD,95,true
BUFFET,BUFFET_SERVICE_TYPE,운영 방식·종류,올유캔잇,올유캔잇,SPECIFIC_MENU,MENU_NAME_AND_KEYWORD,95,true
BUFFET,CATEGORY_AUXILIARY,카테고리 보조,무한리필,무한리필,CATEGORY_AUX,RESTAURANT_TAG_AND_KEYWORD,55,true
BUFFET,CATEGORY_AUXILIARY,카테고리 보조,음식 종류 많은,음식 종류 많은,CATEGORY_AUX,RESTAURANT_TAG_AND_KEYWORD,55,true
BUFFET,CATEGORY_AUXILIARY,카테고리 보조,셀프서비스,셀프서비스,CATEGORY_AUX,RESTAURANT_TAG_AND_KEYWORD,55,true
BUFFET,CATEGORY_AUXILIARY,카테고리 보조,가족 외식,가족 외식,CATEGORY_AUX,RESTAURANT_TAG_AND_KEYWORD,55,true
BUFFET,CATEGORY_AUXILIARY,카테고리 보조,단체 식사,단체 식사,CATEGORY_AUX,RESTAURANT_TAG_AND_KEYWORD,55,true
BUFFET,CATEGORY_AUXILIARY,카테고리 보조,모임,모임,CATEGORY_AUX,RESTAURANT_TAG_AND_KEYWORD,55,true
BUFFET,CATEGORY_AUXILIARY,카테고리 보조,회식,회식,CATEGORY_AUX,RESTAURANT_TAG_AND_KEYWORD,55,true
BUFFET,CATEGORY_AUXILIARY,카테고리 보조,가성비,가성비,CATEGORY_AUX,RESTAURANT_TAG_AND_KEYWORD,55,true
BUFFET,CATEGORY_AUXILIARY,카테고리 보조,다양한 음식,다양한 음식,CATEGORY_AUX,RESTAURANT_TAG_AND_KEYWORD,55,true
BUFFET,CATEGORY_AUXILIARY,카테고리 보조,샐러드바,샐러드바,CATEGORY_AUX,RESTAURANT_TAG_AND_KEYWORD,55,true
CAFE_DESSERT,COFFEE,커피,커피,커피,SPECIFIC_MENU,MENU_NAME_AND_KEYWORD,95,true
CAFE_DESSERT,COFFEE,커피,아메리카노,아메리카노,SPECIFIC_MENU,MENU_NAME_AND_KEYWORD,95,true
CAFE_DESSERT,COFFEE,커피,에스프레소,에스프레소,SPECIFIC_MENU,MENU_NAME_AND_KEYWORD,95,true
CAFE_DESSERT,COFFEE,커피,카페라떼,카페라떼,SPECIFIC_MENU,MENU_NAME_AND_KEYWORD,95,true
CAFE_DESSERT,COFFEE,커피,바닐라라떼,바닐라라떼,SPECIFIC_MENU,MENU_NAME_AND_KEYWORD,95,true
CAFE_DESSERT,COFFEE,커피,카페모카,카페모카,SPECIFIC_MENU,MENU_NAME_AND_KEYWORD,95,true
CAFE_DESSERT,COFFEE,커피,카라멜마키아토,카라멜마키아토,SPECIFIC_MENU,MENU_NAME_AND_KEYWORD,95,true
CAFE_DESSERT,COFFEE,커피,카푸치노,카푸치노,SPECIFIC_MENU,MENU_NAME_AND_KEYWORD,95,true
CAFE_DESSERT,COFFEE,커피,플랫화이트,플랫화이트,SPECIFIC_MENU,MENU_NAME_AND_KEYWORD,95,true
CAFE_DESSERT,COFFEE,커피,콜드브루,콜드브루,SPECIFIC_MENU,MENU_NAME_AND_KEYWORD,95,true
CAFE_DESSERT,COFFEE,커피,더치커피,더치커피,SPECIFIC_MENU,MENU_NAME_AND_KEYWORD,95,true
CAFE_DESSERT,COFFEE,커피,아인슈페너,아인슈페너,SPECIFIC_MENU,MENU_NAME_AND_KEYWORD,95,true
CAFE_DESSERT,COFFEE,커피,비엔나커피,비엔나커피,SPECIFIC_MENU,MENU_NAME_AND_KEYWORD,95,true
CAFE_DESSERT,COFFEE,커피,드립커피,드립커피,SPECIFIC_MENU,MENU_NAME_AND_KEYWORD,95,true
CAFE_DESSERT,COFFEE,커피,핸드드립,핸드드립,SPECIFIC_MENU,MENU_NAME_AND_KEYWORD,95,true
CAFE_DESSERT,COFFEE,커피,디카페인,디카페인,SPECIFIC_MENU,MENU_NAME_AND_KEYWORD,95,true
CAFE_DESSERT,COFFEE,커피,에스프레소토닉,에스프레소토닉,SPECIFIC_MENU,MENU_NAME_AND_KEYWORD,95,true
CAFE_DESSERT,TEA_BEVERAGE,차·음료,차,차,SPECIFIC_MENU,MENU_NAME_AND_KEYWORD,95,true
CAFE_DESSERT,TEA_BEVERAGE,차·음료,티,티,SPECIFIC_MENU,MENU_NAME_AND_KEYWORD,95,true
CAFE_DESSERT,TEA_BEVERAGE,차·음료,홍차,홍차,SPECIFIC_MENU,MENU_NAME_AND_KEYWORD,95,true
CAFE_DESSERT,TEA_BEVERAGE,차·음료,녹차,녹차,SPECIFIC_MENU,MENU_NAME_AND_KEYWORD,95,true
CAFE_DESSERT,TEA_BEVERAGE,차·음료,말차,말차,SPECIFIC_MENU,MENU_NAME_AND_KEYWORD,95,true
CAFE_DESSERT,TEA_BEVERAGE,차·음료,말차라떼,말차라떼,SPECIFIC_MENU,MENU_NAME_AND_KEYWORD,95,true
CAFE_DESSERT,TEA_BEVERAGE,차·음료,밀크티,밀크티,SPECIFIC_MENU,MENU_NAME_AND_KEYWORD,95,true
CAFE_DESSERT,TEA_BEVERAGE,차·음료,버블티,버블티,SPECIFIC_MENU,MENU_NAME_AND_KEYWORD,95,true
CAFE_DESSERT,TEA_BEVERAGE,차·음료,과일차,과일차,SPECIFIC_MENU,MENU_NAME_AND_KEYWORD,95,true
CAFE_DESSERT,TEA_BEVERAGE,차·음료,유자차,유자차,SPECIFIC_MENU,MENU_NAME_AND_KEYWORD,95,true
CAFE_DESSERT,TEA_BEVERAGE,차·음료,레몬차,레몬차,SPECIFIC_MENU,MENU_NAME_AND_KEYWORD,95,true
CAFE_DESSERT,TEA_BEVERAGE,차·음료,자몽차,자몽차,SPECIFIC_MENU,MENU_NAME_AND_KEYWORD,95,true
CAFE_DESSERT,TEA_BEVERAGE,차·음료,허브티,허브티,SPECIFIC_MENU,MENU_NAME_AND_KEYWORD,95,true
CAFE_DESSERT,TEA_BEVERAGE,차·음료,아이스티,아이스티,SPECIFIC_MENU,MENU_NAME_AND_KEYWORD,95,true
CAFE_DESSERT,TEA_BEVERAGE,차·음료,초코라떼,초코라떼,SPECIFIC_MENU,MENU_NAME_AND_KEYWORD,95,true
CAFE_DESSERT,TEA_BEVERAGE,차·음료,딸기라떼,딸기라떼,SPECIFIC_MENU,MENU_NAME_AND_KEYWORD,95,true
CAFE_DESSERT,TEA_BEVERAGE,차·음료,고구마라떼,고구마라떼,SPECIFIC_MENU,MENU_NAME_AND_KEYWORD,95,true
CAFE_DESSERT,TEA_BEVERAGE,차·음료,스무디,스무디,SPECIFIC_MENU,MENU_NAME_AND_KEYWORD,95,true
CAFE_DESSERT,TEA_BEVERAGE,차·음료,프라페,프라페,SPECIFIC_MENU,MENU_NAME_AND_KEYWORD,95,true
CAFE_DESSERT,TEA_BEVERAGE,차·음료,쉐이크,쉐이크,SPECIFIC_MENU,MENU_NAME_AND_KEYWORD,95,true
CAFE_DESSERT,TEA_BEVERAGE,차·음료,에이드,에이드,SPECIFIC_MENU,MENU_NAME_AND_KEYWORD,95,true
CAFE_DESSERT,TEA_BEVERAGE,차·음료,레몬에이드,레몬에이드,SPECIFIC_MENU,MENU_NAME_AND_KEYWORD,95,true
CAFE_DESSERT,TEA_BEVERAGE,차·음료,자몽에이드,자몽에이드,SPECIFIC_MENU,MENU_NAME_AND_KEYWORD,95,true
CAFE_DESSERT,TEA_BEVERAGE,차·음료,청포도에이드,청포도에이드,SPECIFIC_MENU,MENU_NAME_AND_KEYWORD,95,true
CAFE_DESSERT,TEA_BEVERAGE,차·음료,주스,주스,SPECIFIC_MENU,MENU_NAME_AND_KEYWORD,95,true
CAFE_DESSERT,TEA_BEVERAGE,차·음료,생과일주스,생과일주스,SPECIFIC_MENU,MENU_NAME_AND_KEYWORD,95,true
CAFE_DESSERT,TEA_BEVERAGE,차·음료,착즙주스,착즙주스,SPECIFIC_MENU,MENU_NAME_AND_KEYWORD,95,true
CAFE_DESSERT,CAKE,케이크,케이크,케이크,SPECIFIC_MENU,MENU_NAME_AND_KEYWORD,95,true
CAFE_DESSERT,CAKE,케이크,조각케이크,조각케이크,SPECIFIC_MENU,MENU_NAME_AND_KEYWORD,95,true
CAFE_DESSERT,CAKE,케이크,생크림케이크,생크림케이크,SPECIFIC_MENU,MENU_NAME_AND_KEYWORD,95,true
CAFE_DESSERT,CAKE,케이크,초코케이크,초코케이크,SPECIFIC_MENU,MENU_NAME_AND_KEYWORD,95,true
CAFE_DESSERT,CAKE,케이크,치즈케이크,치즈케이크,SPECIFIC_MENU,MENU_NAME_AND_KEYWORD,95,true
CAFE_DESSERT,CAKE,케이크,바스크치즈케이크,바스크치즈케이크,SPECIFIC_MENU,MENU_NAME_AND_KEYWORD,95,true
CAFE_DESSERT,CAKE,케이크,당근케이크,당근케이크,SPECIFIC_MENU,MENU_NAME_AND_KEYWORD,95,true
CAFE_DESSERT,CAKE,케이크,티라미수,티라미수,SPECIFIC_MENU,MENU_NAME_AND_KEYWORD,95,true
CAFE_DESSERT,CAKE,케이크,레드벨벳,레드벨벳,SPECIFIC_MENU,MENU_NAME_AND_KEYWORD,95,true
CAFE_DESSERT,CAKE,케이크,롤케이크,롤케이크,SPECIFIC_MENU,MENU_NAME_AND_KEYWORD,95,true
CAFE_DESSERT,CAKE,케이크,쉬폰케이크,쉬폰케이크,SPECIFIC_MENU,MENU_NAME_AND_KEYWORD,95,true
CAFE_DESSERT,CAKE,케이크,무스케이크,무스케이크,SPECIFIC_MENU,MENU_NAME_AND_KEYWORD,95,true
CAFE_DESSERT,CAKE,케이크,컵케이크,컵케이크,SPECIFIC_MENU,MENU_NAME_AND_KEYWORD,95,true
CAFE_DESSERT,CAKE,케이크,파운드케이크,파운드케이크,SPECIFIC_MENU,MENU_NAME_AND_KEYWORD,95,true
CAFE_DESSERT,CAKE,케이크,크레이프케이크,크레이프케이크,SPECIFIC_MENU,MENU_NAME_AND_KEYWORD,95,true
CAFE_DESSERT,BREAD_BAKERY,빵·베이커리,빵,빵,SPECIFIC_MENU,MENU_NAME_AND_KEYWORD,95,true
CAFE_DESSERT,BREAD_BAKERY,빵·베이커리,베이커리,베이커리,SPECIFIC_MENU,MENU_NAME_AND_KEYWORD,95,true
CAFE_DESSERT,BREAD_BAKERY,빵·베이커리,크루아상,크루아상,SPECIFIC_MENU,MENU_NAME_AND_KEYWORD,95,true
CAFE_DESSERT,BREAD_BAKERY,빵·베이커리,소금빵,소금빵,SPECIFIC_MENU,MENU_NAME_AND_KEYWORD,95,true
CAFE_DESSERT,BREAD_BAKERY,빵·베이커리,식빵,식빵,SPECIFIC_MENU,MENU_NAME_AND_KEYWORD,95,true
CAFE_DESSERT,BREAD_BAKERY,빵·베이커리,바게트,바게트,SPECIFIC_MENU,MENU_NAME_AND_KEYWORD,95,true
CAFE_DESSERT,BREAD_BAKERY,빵·베이커리,치아바타,치아바타,SPECIFIC_MENU,MENU_NAME_AND_KEYWORD,95,true
CAFE_DESSERT,BREAD_BAKERY,빵·베이커리,베이글,베이글,SPECIFIC_MENU,MENU_NAME_AND_KEYWORD,95,true
CAFE_DESSERT,BREAD_BAKERY,빵·베이커리,프레첼,프레첼,SPECIFIC_MENU,MENU_NAME_AND_KEYWORD,95,true
CAFE_DESSERT,BREAD_BAKERY,빵·베이커리,스콘,스콘,SPECIFIC_MENU,MENU_NAME_AND_KEYWORD,95,true
CAFE_DESSERT,BREAD_BAKERY,빵·베이커리,마들렌,마들렌,SPECIFIC_MENU,MENU_NAME_AND_KEYWORD,95,true
CAFE_DESSERT,BREAD_BAKERY,빵·베이커리,휘낭시에,휘낭시에,SPECIFIC_MENU,MENU_NAME_AND_KEYWORD,95,true
CAFE_DESSERT,BREAD_BAKERY,빵·베이커리,까눌레,까눌레,SPECIFIC_MENU,MENU_NAME_AND_KEYWORD,95,true
CAFE_DESSERT,BREAD_BAKERY,빵·베이커리,쿠키,쿠키,SPECIFIC_MENU,MENU_NAME_AND_KEYWORD,95,true
CAFE_DESSERT,BREAD_BAKERY,빵·베이커리,마카롱,마카롱,SPECIFIC_MENU,MENU_NAME_AND_KEYWORD,95,true
CAFE_DESSERT,BREAD_BAKERY,빵·베이커리,다쿠아즈,다쿠아즈,SPECIFIC_MENU,MENU_NAME_AND_KEYWORD,95,true
CAFE_DESSERT,BREAD_BAKERY,빵·베이커리,브라우니,브라우니,SPECIFIC_MENU,MENU_NAME_AND_KEYWORD,95,true
CAFE_DESSERT,BREAD_BAKERY,빵·베이커리,파이,파이,SPECIFIC_MENU,MENU_NAME_AND_KEYWORD,95,true
CAFE_DESSERT,BREAD_BAKERY,빵·베이커리,타르트,타르트,SPECIFIC_MENU,MENU_NAME_AND_KEYWORD,95,true
CAFE_DESSERT,BREAD_BAKERY,빵·베이커리,애플파이,애플파이,SPECIFIC_MENU,MENU_NAME_AND_KEYWORD,95,true
CAFE_DESSERT,BREAD_BAKERY,빵·베이커리,크림빵,크림빵,SPECIFIC_MENU,MENU_NAME_AND_KEYWORD,95,true
CAFE_DESSERT,BREAD_BAKERY,빵·베이커리,단팥빵,단팥빵,SPECIFIC_MENU,MENU_NAME_AND_KEYWORD,95,true
CAFE_DESSERT,BREAD_BAKERY,빵·베이커리,도넛,도넛,SPECIFIC_MENU,MENU_NAME_AND_KEYWORD,95,true
CAFE_DESSERT,BREAD_BAKERY,빵·베이커리,꽈배기,꽈배기,SPECIFIC_MENU,MENU_NAME_AND_KEYWORD,95,true
CAFE_DESSERT,BREAD_BAKERY,빵·베이커리,샌드위치,샌드위치,SPECIFIC_MENU,MENU_NAME_AND_KEYWORD,95,true
CAFE_DESSERT,ICE_CREAM_BINGSU,아이스크림·빙수,아이스크림,아이스크림,SPECIFIC_MENU,MENU_NAME_AND_KEYWORD,95,true
CAFE_DESSERT,ICE_CREAM_BINGSU,아이스크림·빙수,젤라또,젤라또,SPECIFIC_MENU,MENU_NAME_AND_KEYWORD,95,true
CAFE_DESSERT,ICE_CREAM_BINGSU,아이스크림·빙수,소프트아이스크림,소프트아이스크림,SPECIFIC_MENU,MENU_NAME_AND_KEYWORD,95,true
CAFE_DESSERT,ICE_CREAM_BINGSU,아이스크림·빙수,요거트아이스크림,요거트아이스크림,SPECIFIC_MENU,MENU_NAME_AND_KEYWORD,95,true
CAFE_DESSERT,ICE_CREAM_BINGSU,아이스크림·빙수,빙수,빙수,SPECIFIC_MENU,MENU_NAME_AND_KEYWORD,95,true
CAFE_DESSERT,ICE_CREAM_BINGSU,아이스크림·빙수,팥빙수,팥빙수,SPECIFIC_MENU,MENU_NAME_AND_KEYWORD,95,true
CAFE_DESSERT,ICE_CREAM_BINGSU,아이스크림·빙수,인절미빙수,인절미빙수,SPECIFIC_MENU,MENU_NAME_AND_KEYWORD,95,true
CAFE_DESSERT,ICE_CREAM_BINGSU,아이스크림·빙수,망고빙수,망고빙수,SPECIFIC_MENU,MENU_NAME_AND_KEYWORD,95,true
CAFE_DESSERT,ICE_CREAM_BINGSU,아이스크림·빙수,딸기빙수,딸기빙수,SPECIFIC_MENU,MENU_NAME_AND_KEYWORD,95,true
CAFE_DESSERT,ICE_CREAM_BINGSU,아이스크림·빙수,우유빙수,우유빙수,SPECIFIC_MENU,MENU_NAME_AND_KEYWORD,95,true
CAFE_DESSERT,ICE_CREAM_BINGSU,아이스크림·빙수,눈꽃빙수,눈꽃빙수,SPECIFIC_MENU,MENU_NAME_AND_KEYWORD,95,true
CAFE_DESSERT,ICE_CREAM_BINGSU,아이스크림·빙수,말차빙수,말차빙수,SPECIFIC_MENU,MENU_NAME_AND_KEYWORD,95,true
CAFE_DESSERT,ICE_CREAM_BINGSU,아이스크림·빙수,초코빙수,초코빙수,SPECIFIC_MENU,MENU_NAME_AND_KEYWORD,95,true
CAFE_DESSERT,ICE_CREAM_BINGSU,아이스크림·빙수,과일빙수,과일빙수,SPECIFIC_MENU,MENU_NAME_AND_KEYWORD,95,true
CAFE_DESSERT,ICE_CREAM_BINGSU,아이스크림·빙수,셔벗,셔벗,SPECIFIC_MENU,MENU_NAME_AND_KEYWORD,95,true
CAFE_DESSERT,ICE_CREAM_BINGSU,아이스크림·빙수,소르베,소르베,SPECIFIC_MENU,MENU_NAME_AND_KEYWORD,95,true
CAFE_DESSERT,TRADITIONAL_OTHER_DESSERT,전통·기타 디저트,떡,떡,SPECIFIC_MENU,MENU_NAME_AND_KEYWORD,95,true
CAFE_DESSERT,TRADITIONAL_OTHER_DESSERT,전통·기타 디저트,인절미,인절미,SPECIFIC_MENU,MENU_NAME_AND_KEYWORD,95,true
CAFE_DESSERT,TRADITIONAL_OTHER_DESSERT,전통·기타 디저트,찹쌀떡,찹쌀떡,SPECIFIC_MENU,MENU_NAME_AND_KEYWORD,95,true
CAFE_DESSERT,TRADITIONAL_OTHER_DESSERT,전통·기타 디저트,약과,약과,SPECIFIC_MENU,MENU_NAME_AND_KEYWORD,95,true
CAFE_DESSERT,TRADITIONAL_OTHER_DESSERT,전통·기타 디저트,한과,한과,SPECIFIC_MENU,MENU_NAME_AND_KEYWORD,95,true
CAFE_DESSERT,TRADITIONAL_OTHER_DESSERT,전통·기타 디저트,호떡,호떡,SPECIFIC_MENU,MENU_NAME_AND_KEYWORD,95,true
CAFE_DESSERT,TRADITIONAL_OTHER_DESSERT,전통·기타 디저트,붕어빵,붕어빵,SPECIFIC_MENU,MENU_NAME_AND_KEYWORD,95,true
CAFE_DESSERT,TRADITIONAL_OTHER_DESSERT,전통·기타 디저트,와플,와플,SPECIFIC_MENU,MENU_NAME_AND_KEYWORD,95,true
CAFE_DESSERT,TRADITIONAL_OTHER_DESSERT,전통·기타 디저트,크로플,크로플,SPECIFIC_MENU,MENU_NAME_AND_KEYWORD,95,true
CAFE_DESSERT,TRADITIONAL_OTHER_DESSERT,전통·기타 디저트,팬케이크,팬케이크,SPECIFIC_MENU,MENU_NAME_AND_KEYWORD,95,true
CAFE_DESSERT,TRADITIONAL_OTHER_DESSERT,전통·기타 디저트,프렌치토스트,프렌치토스트,SPECIFIC_MENU,MENU_NAME_AND_KEYWORD,95,true
CAFE_DESSERT,TRADITIONAL_OTHER_DESSERT,전통·기타 디저트,푸딩,푸딩,SPECIFIC_MENU,MENU_NAME_AND_KEYWORD,95,true
CAFE_DESSERT,TRADITIONAL_OTHER_DESSERT,전통·기타 디저트,판나코타,판나코타,SPECIFIC_MENU,MENU_NAME_AND_KEYWORD,95,true
CAFE_DESSERT,TRADITIONAL_OTHER_DESSERT,전통·기타 디저트,에그타르트,에그타르트,SPECIFIC_MENU,MENU_NAME_AND_KEYWORD,95,true
CAFE_DESSERT,TRADITIONAL_OTHER_DESSERT,전통·기타 디저트,츄러스,츄러스,SPECIFIC_MENU,MENU_NAME_AND_KEYWORD,95,true
CAFE_DESSERT,TRADITIONAL_OTHER_DESSERT,전통·기타 디저트,탕후루,탕후루,SPECIFIC_MENU,MENU_NAME_AND_KEYWORD,95,true
CAFE_DESSERT,TRADITIONAL_OTHER_DESSERT,전통·기타 디저트,초콜릿,초콜릿,SPECIFIC_MENU,MENU_NAME_AND_KEYWORD,95,true
CAFE_DESSERT,TRADITIONAL_OTHER_DESSERT,전통·기타 디저트,과일,과일,SPECIFIC_MENU,MENU_NAME_AND_KEYWORD,95,true
CAFE_DESSERT,TRADITIONAL_OTHER_DESSERT,전통·기타 디저트,과일컵,과일컵,SPECIFIC_MENU,MENU_NAME_AND_KEYWORD,95,true
CAFE_DESSERT,TRADITIONAL_OTHER_DESSERT,전통·기타 디저트,요거트,요거트,SPECIFIC_MENU,MENU_NAME_AND_KEYWORD,95,true
CAFE_DESSERT,TRADITIONAL_OTHER_DESSERT,전통·기타 디저트,아사이볼,아사이볼,SPECIFIC_MENU,MENU_NAME_AND_KEYWORD,95,true
CAFE_DESSERT,TRADITIONAL_OTHER_DESSERT,전통·기타 디저트,그래놀라,그래놀라,SPECIFIC_MENU,MENU_NAME_AND_KEYWORD,95,true
CAFE_DESSERT,CATEGORY_AUXILIARY,카테고리 보조,카페,카페,CATEGORY_AUX,RESTAURANT_TAG_AND_KEYWORD,55,true
CAFE_DESSERT,CATEGORY_AUXILIARY,카테고리 보조,디저트,디저트,CATEGORY_AUX,RESTAURANT_TAG_AND_KEYWORD,55,true
CAFE_DESSERT,CATEGORY_AUXILIARY,카테고리 보조,후식,후식,CATEGORY_AUX,RESTAURANT_TAG_AND_KEYWORD,55,true
CAFE_DESSERT,CATEGORY_AUXILIARY,카테고리 보조,달콤한,달콤한,CATEGORY_AUX,RESTAURANT_TAG_AND_KEYWORD,55,true
CAFE_DESSERT,CATEGORY_AUXILIARY,카테고리 보조,단 음식,단 음식,CATEGORY_AUX,RESTAURANT_TAG_AND_KEYWORD,55,true
CAFE_DESSERT,CATEGORY_AUXILIARY,카테고리 보조,커피 맛집,커피 맛집,CATEGORY_AUX,RESTAURANT_TAG_AND_KEYWORD,55,true
CAFE_DESSERT,CATEGORY_AUXILIARY,카테고리 보조,베이커리 카페,베이커리 카페,CATEGORY_AUX,RESTAURANT_TAG_AND_KEYWORD,55,true
CAFE_DESSERT,CATEGORY_AUXILIARY,카테고리 보조,대형 카페,대형 카페,CATEGORY_AUX,RESTAURANT_TAG_AND_KEYWORD,55,true
CAFE_DESSERT,CATEGORY_AUXILIARY,카테고리 보조,브런치 카페,브런치 카페,CATEGORY_AUX,RESTAURANT_TAG_AND_KEYWORD,55,true
CAFE_DESSERT,CATEGORY_AUXILIARY,카테고리 보조,테이크아웃 커피,테이크아웃 커피,CATEGORY_AUX,RESTAURANT_TAG_AND_KEYWORD,55,true
CAFE_DESSERT,CATEGORY_AUXILIARY,카테고리 보조,디카페인,디카페인,CATEGORY_AUX,RESTAURANT_TAG_AND_KEYWORD,55,true
CAFE_DESSERT,CATEGORY_AUXILIARY,카테고리 보조,노트북 카페,노트북 카페,CATEGORY_AUX,RESTAURANT_TAG_AND_KEYWORD,55,true
CAFE_DESSERT,CATEGORY_AUXILIARY,카테고리 보조,공부하기 좋은,공부하기 좋은,CATEGORY_AUX,RESTAURANT_TAG_AND_KEYWORD,55,true
ETC,FUSION_WORLD_FOOD,퓨전·세계음식,퓨전음식,퓨전음식,SPECIFIC_MENU,MENU_NAME_AND_KEYWORD,95,true
ETC,FUSION_WORLD_FOOD,퓨전·세계음식,퓨전한식,퓨전한식,SPECIFIC_MENU,MENU_NAME_AND_KEYWORD,95,true
ETC,FUSION_WORLD_FOOD,퓨전·세계음식,퓨전중식,퓨전중식,SPECIFIC_MENU,MENU_NAME_AND_KEYWORD,95,true
ETC,FUSION_WORLD_FOOD,퓨전·세계음식,퓨전일식,퓨전일식,SPECIFIC_MENU,MENU_NAME_AND_KEYWORD,95,true
ETC,FUSION_WORLD_FOOD,퓨전·세계음식,퓨전양식,퓨전양식,SPECIFIC_MENU,MENU_NAME_AND_KEYWORD,95,true
ETC,FUSION_WORLD_FOOD,퓨전·세계음식,세계음식,세계음식,SPECIFIC_MENU,MENU_NAME_AND_KEYWORD,95,true
ETC,FUSION_WORLD_FOOD,퓨전·세계음식,다국적음식,다국적음식,SPECIFIC_MENU,MENU_NAME_AND_KEYWORD,95,true
ETC,FUSION_WORLD_FOOD,퓨전·세계음식,멕시칸,멕시칸,SPECIFIC_MENU,MENU_NAME_AND_KEYWORD,95,true
ETC,FUSION_WORLD_FOOD,퓨전·세계음식,타코,타코,SPECIFIC_MENU,MENU_NAME_AND_KEYWORD,95,true
ETC,FUSION_WORLD_FOOD,퓨전·세계음식,브리또,브리또,SPECIFIC_MENU,MENU_NAME_AND_KEYWORD,95,true
ETC,FUSION_WORLD_FOOD,퓨전·세계음식,퀘사디아,퀘사디아,SPECIFIC_MENU,MENU_NAME_AND_KEYWORD,95,true
ETC,FUSION_WORLD_FOOD,퓨전·세계음식,나초,나초,SPECIFIC_MENU,MENU_NAME_AND_KEYWORD,95,true
ETC,FUSION_WORLD_FOOD,퓨전·세계음식,스페인음식,스페인음식,SPECIFIC_MENU,MENU_NAME_AND_KEYWORD,95,true
ETC,FUSION_WORLD_FOOD,퓨전·세계음식,빠에야,빠에야,SPECIFIC_MENU,MENU_NAME_AND_KEYWORD,95,true
ETC,FUSION_WORLD_FOOD,퓨전·세계음식,감바스,감바스,SPECIFIC_MENU,MENU_NAME_AND_KEYWORD,95,true
ETC,FUSION_WORLD_FOOD,퓨전·세계음식,타파스,타파스,SPECIFIC_MENU,MENU_NAME_AND_KEYWORD,95,true
ETC,FUSION_WORLD_FOOD,퓨전·세계음식,그리스음식,그리스음식,SPECIFIC_MENU,MENU_NAME_AND_KEYWORD,95,true
ETC,FUSION_WORLD_FOOD,퓨전·세계음식,터키음식,터키음식,SPECIFIC_MENU,MENU_NAME_AND_KEYWORD,95,true
ETC,FUSION_WORLD_FOOD,퓨전·세계음식,케밥,케밥,SPECIFIC_MENU,MENU_NAME_AND_KEYWORD,95,true
ETC,FUSION_WORLD_FOOD,퓨전·세계음식,중동음식,중동음식,SPECIFIC_MENU,MENU_NAME_AND_KEYWORD,95,true
ETC,FUSION_WORLD_FOOD,퓨전·세계음식,할랄음식,할랄음식,SPECIFIC_MENU,MENU_NAME_AND_KEYWORD,95,true
ETC,FUSION_WORLD_FOOD,퓨전·세계음식,아프리카음식,아프리카음식,SPECIFIC_MENU,MENU_NAME_AND_KEYWORD,95,true
ETC,FUSION_WORLD_FOOD,퓨전·세계음식,러시아음식,러시아음식,SPECIFIC_MENU,MENU_NAME_AND_KEYWORD,95,true
ETC,FUSION_WORLD_FOOD,퓨전·세계음식,브라질음식,브라질음식,SPECIFIC_MENU,MENU_NAME_AND_KEYWORD,95,true
ETC,FUSION_WORLD_FOOD,퓨전·세계음식,슈하스코,슈하스코,SPECIFIC_MENU,MENU_NAME_AND_KEYWORD,95,true
ETC,FUSION_WORLD_FOOD,퓨전·세계음식,하와이안음식,하와이안음식,SPECIFIC_MENU,MENU_NAME_AND_KEYWORD,95,true
ETC,FUSION_WORLD_FOOD,퓨전·세계음식,포케,포케,SPECIFIC_MENU,MENU_NAME_AND_KEYWORD,95,true
ETC,FUSION_WORLD_FOOD,퓨전·세계음식,건강식,건강식,SPECIFIC_MENU,MENU_NAME_AND_KEYWORD,95,true
ETC,FUSION_WORLD_FOOD,퓨전·세계음식,다이어트식,다이어트식,SPECIFIC_MENU,MENU_NAME_AND_KEYWORD,95,true
ETC,FUSION_WORLD_FOOD,퓨전·세계음식,도시락,도시락,SPECIFIC_MENU,MENU_NAME_AND_KEYWORD,95,true
ETC,FUSION_WORLD_FOOD,퓨전·세계음식,샐러드전문점,샐러드전문점,SPECIFIC_MENU,MENU_NAME_AND_KEYWORD,95,true
ETC,FUSION_WORLD_FOOD,퓨전·세계음식,비건음식,비건음식,SPECIFIC_MENU,MENU_NAME_AND_KEYWORD,95,true
ETC,FUSION_WORLD_FOOD,퓨전·세계음식,채식음식,채식음식,SPECIFIC_MENU,MENU_NAME_AND_KEYWORD,95,true
ETC,FUSION_WORLD_FOOD,퓨전·세계음식,밀키트,밀키트,SPECIFIC_MENU,MENU_NAME_AND_KEYWORD,95,true
ETC,FUSION_WORLD_FOOD,퓨전·세계음식,공유주방,공유주방,SPECIFIC_MENU,MENU_NAME_AND_KEYWORD,95,true
,RICE_TYPE,밥 종류,밥,밥,DISH_TYPE,MENU_KEYWORD,85,true
,RICE_TYPE,밥 종류,쌀밥,쌀밥,DISH_TYPE,MENU_KEYWORD,85,true
,RICE_TYPE,밥 종류,볶음밥,볶음밥,DISH_TYPE,MENU_KEYWORD,85,true
,RICE_TYPE,밥 종류,덮밥,덮밥,DISH_TYPE,MENU_KEYWORD,85,true
,RICE_TYPE,밥 종류,비빔밥,비빔밥,DISH_TYPE,MENU_KEYWORD,85,true
,RICE_TYPE,밥 종류,솥밥,솥밥,DISH_TYPE,MENU_KEYWORD,85,true
,RICE_TYPE,밥 종류,돌솥밥,돌솥밥,DISH_TYPE,MENU_KEYWORD,85,true
,RICE_TYPE,밥 종류,주먹밥,주먹밥,DISH_TYPE,MENU_KEYWORD,85,true
,RICE_TYPE,밥 종류,김밥,김밥,DISH_TYPE,MENU_KEYWORD,85,true
,RICE_TYPE,밥 종류,초밥,초밥,DISH_TYPE,MENU_KEYWORD,85,true
,RICE_TYPE,밥 종류,리조또,리조또,DISH_TYPE,MENU_KEYWORD,85,true
,RICE_TYPE,밥 종류,필라프,필라프,DISH_TYPE,MENU_KEYWORD,85,true
,RICE_TYPE,밥 종류,죽,죽,DISH_TYPE,MENU_KEYWORD,85,true
,RICE_TYPE,밥 종류,국밥,국밥,DISH_TYPE,MENU_KEYWORD,85,true
,RICE_TYPE,밥 종류,카레밥,카레밥,DISH_TYPE,MENU_KEYWORD,85,true
,RICE_TYPE,밥 종류,오므라이스,오므라이스,DISH_TYPE,MENU_KEYWORD,85,true
,RICE_TYPE,밥 종류,볶음밥류,볶음밥류,DISH_TYPE,MENU_KEYWORD,85,true
,RICE_TYPE,밥 종류,덮밥류,덮밥류,DISH_TYPE,MENU_KEYWORD,85,true
,RICE_TYPE,밥 종류,한 그릇 음식,한 그릇 음식,DISH_TYPE,MENU_KEYWORD,85,true
,NOODLE_TYPE,면 종류,면,면,DISH_TYPE,MENU_KEYWORD,85,true
,NOODLE_TYPE,면 종류,면 요리,면 요리,DISH_TYPE,MENU_KEYWORD,85,true
,NOODLE_TYPE,면 종류,국수,국수,DISH_TYPE,MENU_KEYWORD,85,true
,NOODLE_TYPE,면 종류,누들,누들,DISH_TYPE,MENU_KEYWORD,85,true
,NOODLE_TYPE,면 종류,라면,라면,DISH_TYPE,MENU_KEYWORD,85,true
,NOODLE_TYPE,면 종류,라멘,라멘,DISH_TYPE,MENU_KEYWORD,85,true
,NOODLE_TYPE,면 종류,우동,우동,DISH_TYPE,MENU_KEYWORD,85,true
,NOODLE_TYPE,면 종류,소바,소바,DISH_TYPE,MENU_KEYWORD,85,true
,NOODLE_TYPE,면 종류,냉면,냉면,DISH_TYPE,MENU_KEYWORD,85,true
,NOODLE_TYPE,면 종류,칼국수,칼국수,DISH_TYPE,MENU_KEYWORD,85,true
,NOODLE_TYPE,면 종류,수제비,수제비,DISH_TYPE,MENU_KEYWORD,85,true
,NOODLE_TYPE,면 종류,파스타,파스타,DISH_TYPE,MENU_KEYWORD,85,true
,NOODLE_TYPE,면 종류,스파게티,스파게티,DISH_TYPE,MENU_KEYWORD,85,true
,NOODLE_TYPE,면 종류,쌀국수,쌀국수,DISH_TYPE,MENU_KEYWORD,85,true
,NOODLE_TYPE,면 종류,짜장면,짜장면,DISH_TYPE,MENU_KEYWORD,85,true
,NOODLE_TYPE,면 종류,짬뽕,짬뽕,DISH_TYPE,MENU_KEYWORD,85,true
,NOODLE_TYPE,면 종류,우육면,우육면,DISH_TYPE,MENU_KEYWORD,85,true
,NOODLE_TYPE,면 종류,탄탄면,탄탄면,DISH_TYPE,MENU_KEYWORD,85,true
,NOODLE_TYPE,면 종류,도삭면,도삭면,DISH_TYPE,MENU_KEYWORD,85,true
,NOODLE_TYPE,면 종류,비빔면,비빔면,DISH_TYPE,MENU_KEYWORD,85,true
,NOODLE_TYPE,면 종류,볶음면,볶음면,DISH_TYPE,MENU_KEYWORD,85,true
,NOODLE_TYPE,면 종류,국물면,국물면,DISH_TYPE,MENU_KEYWORD,85,true
,NOODLE_TYPE,면 종류,마제소바,마제소바,DISH_TYPE,MENU_KEYWORD,85,true
,NOODLE_TYPE,면 종류,분짜,분짜,DISH_TYPE,MENU_KEYWORD,85,true
,NOODLE_TYPE,면 종류,팟타이,팟타이,DISH_TYPE,MENU_KEYWORD,85,true
,NOODLE_TYPE,면 종류,야키소바,야키소바,DISH_TYPE,MENU_KEYWORD,85,true
,NOODLE_TYPE,면 종류,잔치국수,잔치국수,DISH_TYPE,MENU_KEYWORD,85,true
,NOODLE_TYPE,면 종류,막국수,막국수,DISH_TYPE,MENU_KEYWORD,85,true
,NOODLE_TYPE,면 종류,콩국수,콩국수,DISH_TYPE,MENU_KEYWORD,85,true
,NOODLE_TYPE,면 종류,밀면,밀면,DISH_TYPE,MENU_KEYWORD,85,true
,SOUP_TYPE,국물 종류,국물,국물,DISH_TYPE,MENU_KEYWORD,85,true
,SOUP_TYPE,국물 종류,국,국,DISH_TYPE,MENU_KEYWORD,85,true
,SOUP_TYPE,국물 종류,탕,탕,DISH_TYPE,MENU_KEYWORD,85,true
,SOUP_TYPE,국물 종류,찌개,찌개,DISH_TYPE,MENU_KEYWORD,85,true
,SOUP_TYPE,국물 종류,전골,전골,DISH_TYPE,MENU_KEYWORD,85,true
,SOUP_TYPE,국물 종류,수프,수프,DISH_TYPE,MENU_KEYWORD,85,true
,SOUP_TYPE,국물 종류,스프,스프,DISH_TYPE,MENU_KEYWORD,85,true
,SOUP_TYPE,국물 종류,육수,육수,DISH_TYPE,MENU_KEYWORD,85,true
,SOUP_TYPE,국물 종류,매운 국물,매운 국물,DISH_TYPE,MENU_KEYWORD,85,true
,SOUP_TYPE,국물 종류,얼큰한 국물,얼큰한 국물,DISH_TYPE,MENU_KEYWORD,85,true
,SOUP_TYPE,국물 종류,맑은 국물,맑은 국물,DISH_TYPE,MENU_KEYWORD,85,true
,SOUP_TYPE,국물 종류,진한 국물,진한 국물,DISH_TYPE,MENU_KEYWORD,85,true
,SOUP_TYPE,국물 종류,해장국,해장국,DISH_TYPE,MENU_KEYWORD,85,true
,SOUP_TYPE,국물 종류,곰탕,곰탕,DISH_TYPE,MENU_KEYWORD,85,true
,SOUP_TYPE,국물 종류,설렁탕,설렁탕,DISH_TYPE,MENU_KEYWORD,85,true
,SOUP_TYPE,국물 종류,샤브샤브,샤브샤브,DISH_TYPE,MENU_KEYWORD,85,true
,SOUP_TYPE,국물 종류,나베,나베,DISH_TYPE,MENU_KEYWORD,85,true
,SOUP_TYPE,국물 종류,쌀국수,쌀국수,DISH_TYPE,MENU_KEYWORD,85,true
,SOUP_TYPE,국물 종류,라멘,라멘,DISH_TYPE,MENU_KEYWORD,85,true
,SOUP_TYPE,국물 종류,짬뽕,짬뽕,DISH_TYPE,MENU_KEYWORD,85,true
,SOUP_TYPE,국물 종류,마라탕,마라탕,DISH_TYPE,MENU_KEYWORD,85,true
,MEAT,고기,고기,고기,INGREDIENT,MENU_KEYWORD,80,true
,MEAT,고기,육류,육류,INGREDIENT,MENU_KEYWORD,80,true
,MEAT,고기,소고기,소고기,INGREDIENT,MENU_KEYWORD,80,true
,MEAT,고기,쇠고기,쇠고기,INGREDIENT,MENU_KEYWORD,80,true
,MEAT,고기,돼지고기,돼지고기,INGREDIENT,MENU_KEYWORD,80,true
,MEAT,고기,닭고기,닭고기,INGREDIENT,MENU_KEYWORD,80,true
,MEAT,고기,오리고기,오리고기,INGREDIENT,MENU_KEYWORD,80,true
,MEAT,고기,양고기,양고기,INGREDIENT,MENU_KEYWORD,80,true
,MEAT,고기,말고기,말고기,INGREDIENT,MENU_KEYWORD,80,true
,MEAT,고기,삼겹살,삼겹살,INGREDIENT,MENU_KEYWORD,80,true
,MEAT,고기,목살,목살,INGREDIENT,MENU_KEYWORD,80,true
,MEAT,고기,갈비,갈비,INGREDIENT,MENU_KEYWORD,80,true
,MEAT,고기,등심,등심,INGREDIENT,MENU_KEYWORD,80,true
,MEAT,고기,안심,안심,INGREDIENT,MENU_KEYWORD,80,true
,MEAT,고기,채끝,채끝,INGREDIENT,MENU_KEYWORD,80,true
,MEAT,고기,부채살,부채살,INGREDIENT,MENU_KEYWORD,80,true
,MEAT,고기,항정살,항정살,INGREDIENT,MENU_KEYWORD,80,true
,MEAT,고기,갈매기살,갈매기살,INGREDIENT,MENU_KEYWORD,80,true
,MEAT,고기,닭가슴살,닭가슴살,INGREDIENT,MENU_KEYWORD,80,true
,MEAT,고기,닭다리살,닭다리살,INGREDIENT,MENU_KEYWORD,80,true
,MEAT,고기,곱창,곱창,INGREDIENT,MENU_KEYWORD,80,true
,MEAT,고기,대창,대창,INGREDIENT,MENU_KEYWORD,80,true
,MEAT,고기,막창,막창,INGREDIENT,MENU_KEYWORD,80,true
,MEAT,고기,내장,내장,INGREDIENT,MENU_KEYWORD,80,true
,MEAT,고기,족발,족발,INGREDIENT,MENU_KEYWORD,80,true
,MEAT,고기,보쌈,보쌈,INGREDIENT,MENU_KEYWORD,80,true
,MEAT,고기,스테이크,스테이크,INGREDIENT,MENU_KEYWORD,80,true
,MEAT,고기,바비큐,바비큐,INGREDIENT,MENU_KEYWORD,80,true
,MEAT,고기,꼬치,꼬치,INGREDIENT,MENU_KEYWORD,80,true
,SEAFOOD,해산물,해산물,해산물,INGREDIENT,MENU_KEYWORD,80,true
,SEAFOOD,해산물,수산물,수산물,INGREDIENT,MENU_KEYWORD,80,true
,SEAFOOD,해산물,생선,생선,INGREDIENT,MENU_KEYWORD,80,true
,SEAFOOD,해산물,회,회,INGREDIENT,MENU_KEYWORD,80,true
,SEAFOOD,해산물,사시미,사시미,INGREDIENT,MENU_KEYWORD,80,true
,SEAFOOD,해산물,초밥,초밥,INGREDIENT,MENU_KEYWORD,80,true
,SEAFOOD,해산물,연어,연어,INGREDIENT,MENU_KEYWORD,80,true
,SEAFOOD,해산물,참치,참치,INGREDIENT,MENU_KEYWORD,80,true
,SEAFOOD,해산물,광어,광어,INGREDIENT,MENU_KEYWORD,80,true
,SEAFOOD,해산물,우럭,우럭,INGREDIENT,MENU_KEYWORD,80,true
,SEAFOOD,해산물,장어,장어,INGREDIENT,MENU_KEYWORD,80,true
,SEAFOOD,해산물,고등어,고등어,INGREDIENT,MENU_KEYWORD,80,true
,SEAFOOD,해산물,갈치,갈치,INGREDIENT,MENU_KEYWORD,80,true
,SEAFOOD,해산물,조개,조개,INGREDIENT,MENU_KEYWORD,80,true
,SEAFOOD,해산물,굴,굴,INGREDIENT,MENU_KEYWORD,80,true
,SEAFOOD,해산물,전복,전복,INGREDIENT,MENU_KEYWORD,80,true
,SEAFOOD,해산물,홍합,홍합,INGREDIENT,MENU_KEYWORD,80,true
,SEAFOOD,해산물,가리비,가리비,INGREDIENT,MENU_KEYWORD,80,true
,SEAFOOD,해산물,새우,새우,INGREDIENT,MENU_KEYWORD,80,true
,SEAFOOD,해산물,게,게,INGREDIENT,MENU_KEYWORD,80,true
,SEAFOOD,해산물,대게,대게,INGREDIENT,MENU_KEYWORD,80,true
,SEAFOOD,해산물,킹크랩,킹크랩,INGREDIENT,MENU_KEYWORD,80,true
,SEAFOOD,해산물,랍스터,랍스터,INGREDIENT,MENU_KEYWORD,80,true
,SEAFOOD,해산물,문어,문어,INGREDIENT,MENU_KEYWORD,80,true
,SEAFOOD,해산물,오징어,오징어,INGREDIENT,MENU_KEYWORD,80,true
,SEAFOOD,해산물,낙지,낙지,INGREDIENT,MENU_KEYWORD,80,true
,SEAFOOD,해산물,주꾸미,주꾸미,INGREDIENT,MENU_KEYWORD,80,true
,SEAFOOD,해산물,해물,해물,INGREDIENT,MENU_KEYWORD,80,true
,SEAFOOD,해산물,매운탕,매운탕,INGREDIENT,MENU_KEYWORD,80,true
,SEAFOOD,해산물,해물탕,해물탕,INGREDIENT,MENU_KEYWORD,80,true
,VEGETABLE_PLANT_BASED,채소·식물성,채소,채소,INGREDIENT,MENU_KEYWORD,80,true
,VEGETABLE_PLANT_BASED,채소·식물성,야채,야채,INGREDIENT,MENU_KEYWORD,80,true
,VEGETABLE_PLANT_BASED,채소·식물성,샐러드,샐러드,INGREDIENT,MENU_KEYWORD,80,true
,VEGETABLE_PLANT_BASED,채소·식물성,버섯,버섯,INGREDIENT,MENU_KEYWORD,80,true
,VEGETABLE_PLANT_BASED,채소·식물성,두부,두부,INGREDIENT,MENU_KEYWORD,80,true
,VEGETABLE_PLANT_BASED,채소·식물성,콩,콩,INGREDIENT,MENU_KEYWORD,80,true
,VEGETABLE_PLANT_BASED,채소·식물성,콩고기,콩고기,INGREDIENT,MENU_KEYWORD,80,true
,VEGETABLE_PLANT_BASED,채소·식물성,나물,나물,INGREDIENT,MENU_KEYWORD,80,true
,VEGETABLE_PLANT_BASED,채소·식물성,비건,비건,INGREDIENT,MENU_KEYWORD,80,true
,VEGETABLE_PLANT_BASED,채소·식물성,채식,채식,INGREDIENT,MENU_KEYWORD,80,true
,VEGETABLE_PLANT_BASED,채소·식물성,식물성,식물성,INGREDIENT,MENU_KEYWORD,80,true
,VEGETABLE_PLANT_BASED,채소·식물성,고구마,고구마,INGREDIENT,MENU_KEYWORD,80,true
,VEGETABLE_PLANT_BASED,채소·식물성,감자,감자,INGREDIENT,MENU_KEYWORD,80,true
,VEGETABLE_PLANT_BASED,채소·식물성,옥수수,옥수수,INGREDIENT,MENU_KEYWORD,80,true
,VEGETABLE_PLANT_BASED,채소·식물성,단호박,단호박,INGREDIENT,MENU_KEYWORD,80,true
,VEGETABLE_PLANT_BASED,채소·식물성,아보카도,아보카도,INGREDIENT,MENU_KEYWORD,80,true
,VEGETABLE_PLANT_BASED,채소·식물성,토마토,토마토,INGREDIENT,MENU_KEYWORD,80,true
,VEGETABLE_PLANT_BASED,채소·식물성,가지,가지,INGREDIENT,MENU_KEYWORD,80,true
,VEGETABLE_PLANT_BASED,채소·식물성,양배추,양배추,INGREDIENT,MENU_KEYWORD,80,true
,VEGETABLE_PLANT_BASED,채소·식물성,브로콜리,브로콜리,INGREDIENT,MENU_KEYWORD,80,true
,COOKING_METHOD,조리 방식,구이,구이,COOKING_METHOD,MENU_KEYWORD,70,true
,COOKING_METHOD,조리 방식,직화구이,직화구이,COOKING_METHOD,MENU_KEYWORD,70,true
,COOKING_METHOD,조리 방식,숯불구이,숯불구이,COOKING_METHOD,MENU_KEYWORD,70,true
,COOKING_METHOD,조리 방식,철판구이,철판구이,COOKING_METHOD,MENU_KEYWORD,70,true
,COOKING_METHOD,조리 방식,오븐구이,오븐구이,COOKING_METHOD,MENU_KEYWORD,70,true
,COOKING_METHOD,조리 방식,바비큐,바비큐,COOKING_METHOD,MENU_KEYWORD,70,true
,COOKING_METHOD,조리 방식,볶음,볶음,COOKING_METHOD,MENU_KEYWORD,70,true
,COOKING_METHOD,조리 방식,튀김,튀김,COOKING_METHOD,MENU_KEYWORD,70,true
,COOKING_METHOD,조리 방식,찜,찜,COOKING_METHOD,MENU_KEYWORD,70,true
,COOKING_METHOD,조리 방식,조림,조림,COOKING_METHOD,MENU_KEYWORD,70,true
,COOKING_METHOD,조리 방식,삶은 음식,삶은 음식,COOKING_METHOD,MENU_KEYWORD,70,true
,COOKING_METHOD,조리 방식,훈제,훈제,COOKING_METHOD,MENU_KEYWORD,70,true
,COOKING_METHOD,조리 방식,숙성,숙성,COOKING_METHOD,MENU_KEYWORD,70,true
,COOKING_METHOD,조리 방식,생식,생식,COOKING_METHOD,MENU_KEYWORD,70,true
,COOKING_METHOD,조리 방식,회,회,COOKING_METHOD,MENU_KEYWORD,70,true
,COOKING_METHOD,조리 방식,전,전,COOKING_METHOD,MENU_KEYWORD,70,true
,COOKING_METHOD,조리 방식,부침,부침,COOKING_METHOD,MENU_KEYWORD,70,true
,COOKING_METHOD,조리 방식,꼬치,꼬치,COOKING_METHOD,MENU_KEYWORD,70,true
,COOKING_METHOD,조리 방식,전골,전골,COOKING_METHOD,MENU_KEYWORD,70,true
,COOKING_METHOD,조리 방식,탕,탕,COOKING_METHOD,MENU_KEYWORD,70,true
,COOKING_METHOD,조리 방식,국,국,COOKING_METHOD,MENU_KEYWORD,70,true
,COOKING_METHOD,조리 방식,찌개,찌개,COOKING_METHOD,MENU_KEYWORD,70,true
,COOKING_METHOD,조리 방식,샤브샤브,샤브샤브,COOKING_METHOD,MENU_KEYWORD,70,true
,COOKING_METHOD,조리 방식,무침,무침,COOKING_METHOD,MENU_KEYWORD,70,true
,COOKING_METHOD,조리 방식,비빔,비빔,COOKING_METHOD,MENU_KEYWORD,70,true
,COOKING_METHOD,조리 방식,롤,롤,COOKING_METHOD,MENU_KEYWORD,70,true
,COOKING_METHOD,조리 방식,랩,랩,COOKING_METHOD,MENU_KEYWORD,70,true
,COOKING_METHOD,조리 방식,샌드,샌드,COOKING_METHOD,MENU_KEYWORD,70,true
,SPICY_TASTE,매운맛,매운,매운,TASTE,MENU_KEYWORD,65,true
,SPICY_TASTE,매운맛,매콤한,매콤한,TASTE,MENU_KEYWORD,65,true
,SPICY_TASTE,매운맛,칼칼한,칼칼한,TASTE,MENU_KEYWORD,65,true
,SPICY_TASTE,매운맛,얼큰한,얼큰한,TASTE,MENU_KEYWORD,65,true
,SPICY_TASTE,매운맛,화끈한,화끈한,TASTE,MENU_KEYWORD,65,true
,SPICY_TASTE,매운맛,맵싹한,맵싹한,TASTE,MENU_KEYWORD,65,true
,SPICY_TASTE,매운맛,매운맛,매운맛,TASTE,MENU_KEYWORD,65,true
,SPICY_TASTE,매운맛,아주 매운,아주 매운,TASTE,MENU_KEYWORD,65,true
,SPICY_TASTE,매운맛,덜 매운,덜 매운,TASTE,MENU_KEYWORD,65,true
,SPICY_TASTE,매운맛,신라면 정도,신라면 정도,TASTE,MENU_KEYWORD,65,true
,SPICY_TASTE,매운맛,불닭 정도,불닭 정도,TASTE,MENU_KEYWORD,65,true
,SPICY_TASTE,매운맛,마라,마라,TASTE,MENU_KEYWORD,65,true
,SPICY_TASTE,매운맛,청양고추,청양고추,TASTE,MENU_KEYWORD,65,true
,SPICY_TASTE,매운맛,고추장맛,고추장맛,TASTE,MENU_KEYWORD,65,true
,SWEET_TASTE,달콤한 맛,단맛,단맛,TASTE,MENU_KEYWORD,65,true
,SWEET_TASTE,달콤한 맛,달콤한,달콤한,TASTE,MENU_KEYWORD,65,true
,SWEET_TASTE,달콤한 맛,달달한,달달한,TASTE,MENU_KEYWORD,65,true
,SWEET_TASTE,달콤한 맛,설탕,설탕,TASTE,MENU_KEYWORD,65,true
,SWEET_TASTE,달콤한 맛,꿀,꿀,TASTE,MENU_KEYWORD,65,true
,SWEET_TASTE,달콤한 맛,시럽,시럽,TASTE,MENU_KEYWORD,65,true
,SWEET_TASTE,달콤한 맛,초콜릿,초콜릿,TASTE,MENU_KEYWORD,65,true
,SWEET_TASTE,달콤한 맛,카라멜,카라멜,TASTE,MENU_KEYWORD,65,true
,SWEET_TASTE,달콤한 맛,과일맛,과일맛,TASTE,MENU_KEYWORD,65,true
,SWEET_TASTE,달콤한 맛,디저트,디저트,TASTE,MENU_KEYWORD,65,true
,MILD_CLEAN_TASTE,담백한 맛,담백한,담백한,TASTE,MENU_KEYWORD,65,true
,MILD_CLEAN_TASTE,담백한 맛,깔끔한,깔끔한,TASTE,MENU_KEYWORD,65,true
,MILD_CLEAN_TASTE,담백한 맛,자극적이지 않은,자극적이지 않은,TASTE,MENU_KEYWORD,65,true
,MILD_CLEAN_TASTE,담백한 맛,싱겁게,싱겁게,TASTE,MENU_KEYWORD,65,true
,MILD_CLEAN_TASTE,담백한 맛,순한 맛,순한 맛,TASTE,MENU_KEYWORD,65,true
,MILD_CLEAN_TASTE,담백한 맛,맵지 않은,맵지 않은,TASTE,MENU_KEYWORD,65,true
,MILD_CLEAN_TASTE,담백한 맛,기름지지 않은,기름지지 않은,TASTE,MENU_KEYWORD,65,true
,MILD_CLEAN_TASTE,담백한 맛,건강한 맛,건강한 맛,TASTE,MENU_KEYWORD,65,true
,SALTY_NUTTY_SOUR,짭짤·고소·새콤,짭짤한,짭짤한,TASTE,MENU_KEYWORD,65,true
,SALTY_NUTTY_SOUR,짭짤·고소·새콤,간이 센,간이 센,TASTE,MENU_KEYWORD,65,true
,SALTY_NUTTY_SOUR,짭짤·고소·새콤,감칠맛,감칠맛,TASTE,MENU_KEYWORD,65,true
,SALTY_NUTTY_SOUR,짭짤·고소·새콤,고소한,고소한,TASTE,MENU_KEYWORD,65,true
,SALTY_NUTTY_SOUR,짭짤·고소·새콤,버터맛,버터맛,TASTE,MENU_KEYWORD,65,true
,SALTY_NUTTY_SOUR,짭짤·고소·새콤,치즈맛,치즈맛,TASTE,MENU_KEYWORD,65,true
,SALTY_NUTTY_SOUR,짭짤·고소·새콤,견과류맛,견과류맛,TASTE,MENU_KEYWORD,65,true
,SALTY_NUTTY_SOUR,짭짤·고소·새콤,새콤한,새콤한,TASTE,MENU_KEYWORD,65,true
,SALTY_NUTTY_SOUR,짭짤·고소·새콤,상큼한,상큼한,TASTE,MENU_KEYWORD,65,true
,SALTY_NUTTY_SOUR,짭짤·고소·새콤,신맛,신맛,TASTE,MENU_KEYWORD,65,true
,SALTY_NUTTY_SOUR,짭짤·고소·새콤,과일향,과일향,TASTE,MENU_KEYWORD,65,true
,RICH_TASTE,진한 맛,진한,진한,TASTE,MENU_KEYWORD,65,true
,RICH_TASTE,진한 맛,농후한,농후한,TASTE,MENU_KEYWORD,65,true
,RICH_TASTE,진한 맛,꾸덕한,꾸덕한,TASTE,MENU_KEYWORD,65,true
,RICH_TASTE,진한 맛,크리미한,크리미한,TASTE,MENU_KEYWORD,65,true
,RICH_TASTE,진한 맛,국물 진한,국물 진한,TASTE,MENU_KEYWORD,65,true
,RICH_TASTE,진한 맛,육수 진한,육수 진한,TASTE,MENU_KEYWORD,65,true
,RICH_TASTE,진한 맛,불맛,불맛,TASTE,MENU_KEYWORD,65,true
,RICH_TASTE,진한 맛,훈연향,훈연향,TASTE,MENU_KEYWORD,65,true
,RICH_TASTE,진한 맛,숯불향,숯불향,TASTE,MENU_KEYWORD,65,true
,TEXTURE,식감,바삭한,바삭한,TEXTURE,MENU_KEYWORD,60,true
,TEXTURE,식감,바스락한,바스락한,TEXTURE,MENU_KEYWORD,60,true
,TEXTURE,식감,튀김옷 바삭한,튀김옷 바삭한,TEXTURE,MENU_KEYWORD,60,true
,TEXTURE,식감,쫄깃한,쫄깃한,TEXTURE,MENU_KEYWORD,60,true
,TEXTURE,식감,탱글한,탱글한,TEXTURE,MENU_KEYWORD,60,true
,TEXTURE,식감,말랑한,말랑한,TEXTURE,MENU_KEYWORD,60,true
,TEXTURE,식감,부드러운,부드러운,TEXTURE,MENU_KEYWORD,60,true
,TEXTURE,식감,촉촉한,촉촉한,TEXTURE,MENU_KEYWORD,60,true
,TEXTURE,식감,꾸덕한,꾸덕한,TEXTURE,MENU_KEYWORD,60,true
,TEXTURE,식감,크리미한,크리미한,TEXTURE,MENU_KEYWORD,60,true
,TEXTURE,식감,아삭한,아삭한,TEXTURE,MENU_KEYWORD,60,true
,TEXTURE,식감,오독오독한,오독오독한,TEXTURE,MENU_KEYWORD,60,true
,TEXTURE,식감,쫀득한,쫀득한,TEXTURE,MENU_KEYWORD,60,true
,TEXTURE,식감,폭신한,폭신한,TEXTURE,MENU_KEYWORD,60,true
,TEXTURE,식감,사르르 녹는,사르르 녹는,TEXTURE,MENU_KEYWORD,60,true
,TEXTURE,식감,육즙 많은,육즙 많은,TEXTURE,MENU_KEYWORD,60,true
,TEXTURE,식감,두툼한,두툼한,TEXTURE,MENU_KEYWORD,60,true
,TEXTURE,식감,얇은,얇은,TEXTURE,MENU_KEYWORD,60,true
,TEXTURE,식감,바삭촉촉한,바삭촉촉한,TEXTURE,MENU_KEYWORD,60,true
,TEMPERATURE_STATE,온도·상태,뜨거운 음식,뜨거운 음식,TEMPERATURE_STATE,MENU_KEYWORD,60,true
,TEMPERATURE_STATE,온도·상태,따뜻한 음식,따뜻한 음식,TEMPERATURE_STATE,MENU_KEYWORD,60,true
,TEMPERATURE_STATE,온도·상태,차가운 음식,차가운 음식,TEMPERATURE_STATE,MENU_KEYWORD,60,true
,TEMPERATURE_STATE,온도·상태,시원한 음식,시원한 음식,TEMPERATURE_STATE,MENU_KEYWORD,60,true
,TEMPERATURE_STATE,온도·상태,냉요리,냉요리,TEMPERATURE_STATE,MENU_KEYWORD,60,true
,TEMPERATURE_STATE,온도·상태,얼음 음식,얼음 음식,TEMPERATURE_STATE,MENU_KEYWORD,60,true
,TEMPERATURE_STATE,온도·상태,국물 음식,국물 음식,TEMPERATURE_STATE,MENU_KEYWORD,60,true
,TEMPERATURE_STATE,온도·상태,구운 음식,구운 음식,TEMPERATURE_STATE,MENU_KEYWORD,60,true
,TEMPERATURE_STATE,온도·상태,갓 구운,갓 구운,TEMPERATURE_STATE,MENU_KEYWORD,60,true
,TEMPERATURE_STATE,온도·상태,갓 튀긴,갓 튀긴,TEMPERATURE_STATE,MENU_KEYWORD,60,true
,TEMPERATURE_STATE,온도·상태,신선한,신선한,TEMPERATURE_STATE,MENU_KEYWORD,60,true
,TEMPERATURE_STATE,온도·상태,생음식,생음식,TEMPERATURE_STATE,MENU_KEYWORD,60,true
,TEMPERATURE_STATE,온도·상태,회,회,TEMPERATURE_STATE,MENU_KEYWORD,60,true
,TEMPERATURE_STATE,온도·상태,숙성 음식,숙성 음식,TEMPERATURE_STATE,MENU_KEYWORD,60,true
,TEMPERATURE_STATE,온도·상태,훈제 음식,훈제 음식,TEMPERATURE_STATE,MENU_KEYWORD,60,true
,DIETARY_ALLERGY,식단·알레르기,채식,채식,DIETARY,MENU_KEYWORD,75,true
,DIETARY_ALLERGY,식단·알레르기,비건,비건,DIETARY,MENU_KEYWORD,75,true
,DIETARY_ALLERGY,식단·알레르기,락토오보,락토오보,DIETARY,MENU_KEYWORD,75,true
,DIETARY_ALLERGY,식단·알레르기,페스코,페스코,DIETARY,MENU_KEYWORD,75,true
,DIETARY_ALLERGY,식단·알레르기,고단백,고단백,DIETARY,MENU_KEYWORD,75,true
,DIETARY_ALLERGY,식단·알레르기,저칼로리,저칼로리,DIETARY,MENU_KEYWORD,75,true
,DIETARY_ALLERGY,식단·알레르기,다이어트,다이어트,DIETARY,MENU_KEYWORD,75,true
,DIETARY_ALLERGY,식단·알레르기,저탄수화물,저탄수화물,DIETARY,MENU_KEYWORD,75,true
,DIETARY_ALLERGY,식단·알레르기,키토,키토,DIETARY,MENU_KEYWORD,75,true
,DIETARY_ALLERGY,식단·알레르기,샐러드,샐러드,DIETARY,MENU_KEYWORD,75,true
,DIETARY_ALLERGY,식단·알레르기,건강식,건강식,DIETARY,MENU_KEYWORD,75,true
,DIETARY_ALLERGY,식단·알레르기,저염식,저염식,DIETARY,MENU_KEYWORD,75,true
,DIETARY_ALLERGY,식단·알레르기,글루텐프리,글루텐프리,DIETARY,MENU_KEYWORD,75,true
,DIETARY_ALLERGY,식단·알레르기,밀가루 없는,밀가루 없는,DIETARY,MENU_KEYWORD,75,true
,DIETARY_ALLERGY,식단·알레르기,유제품 없는,유제품 없는,DIETARY,MENU_KEYWORD,75,true
,DIETARY_ALLERGY,식단·알레르기,계란 없는,계란 없는,DIETARY,MENU_KEYWORD,75,true
,DIETARY_ALLERGY,식단·알레르기,견과류 없는,견과류 없는,DIETARY,MENU_KEYWORD,75,true
,DIETARY_ALLERGY,식단·알레르기,돼지고기 없는,돼지고기 없는,DIETARY,MENU_KEYWORD,75,true
,DIETARY_ALLERGY,식단·알레르기,소고기 없는,소고기 없는,DIETARY,MENU_KEYWORD,75,true
,DIETARY_ALLERGY,식단·알레르기,해산물 없는,해산물 없는,DIETARY,MENU_KEYWORD,75,true
,DIETARY_ALLERGY,식단·알레르기,할랄,할랄,DIETARY,MENU_KEYWORD,75,true
,DIETARY_ALLERGY,식단·알레르기,디카페인,디카페인,DIETARY,MENU_KEYWORD,75,true
,DIETARY_ALLERGY,식단·알레르기,무설탕,무설탕,DIETARY,MENU_KEYWORD,75,true
,DIETARY_ALLERGY,식단·알레르기,제로슈거,제로슈거,DIETARY,MENU_KEYWORD,75,true
,MEAL_OCCASION,식사 상황,아침식사,아침식사,MEAL_OCCASION,MENU_KEYWORD,50,true
,MEAL_OCCASION,식사 상황,브런치,브런치,MEAL_OCCASION,MENU_KEYWORD,50,true
,MEAL_OCCASION,식사 상황,점심식사,점심식사,MEAL_OCCASION,MENU_KEYWORD,50,true
,MEAL_OCCASION,식사 상황,저녁식사,저녁식사,MEAL_OCCASION,MENU_KEYWORD,50,true
,MEAL_OCCASION,식사 상황,야식,야식,MEAL_OCCASION,MENU_KEYWORD,50,true
,MEAL_OCCASION,식사 상황,간식,간식,MEAL_OCCASION,MENU_KEYWORD,50,true
,MEAL_OCCASION,식사 상황,후식,후식,MEAL_OCCASION,MENU_KEYWORD,50,true
,MEAL_OCCASION,식사 상황,한 끼,한 끼,MEAL_OCCASION,MENU_KEYWORD,50,true
,MEAL_OCCASION,식사 상황,가벼운 식사,가벼운 식사,MEAL_OCCASION,MENU_KEYWORD,50,true
,MEAL_OCCASION,식사 상황,든든한 식사,든든한 식사,MEAL_OCCASION,MENU_KEYWORD,50,true
,MEAL_OCCASION,식사 상황,해장,해장,MEAL_OCCASION,MENU_KEYWORD,50,true
,MEAL_OCCASION,식사 상황,술안주,술안주,MEAL_OCCASION,MENU_KEYWORD,50,true
,MEAL_OCCASION,식사 상황,밥집,밥집,MEAL_OCCASION,MENU_KEYWORD,50,true
,MEAL_OCCASION,식사 상황,혼밥,혼밥,MEAL_OCCASION,MENU_KEYWORD,50,true
,MEAL_OCCASION,식사 상황,포장하기 좋은,포장하기 좋은,MEAL_OCCASION,MENU_KEYWORD,50,true
,MEAL_OCCASION,식사 상황,배달 음식,배달 음식,MEAL_OCCASION,MENU_KEYWORD,50,true
,MEAL_OCCASION,식사 상황,빠른 식사,빠른 식사,MEAL_OCCASION,MENU_KEYWORD,50,true
,MEAL_OCCASION,식사 상황,아이 먹기 좋은,아이 먹기 좋은,MEAL_OCCASION,MENU_KEYWORD,50,true
,MEAL_OCCASION,식사 상황,어르신이 먹기 좋은,어르신이 먹기 좋은,MEAL_OCCASION,MENU_KEYWORD,50,true